Workbook

Sheet 汇总表
A1: MIDEA | B1: MDV | C1: CODE | D1: PRICE
A2: MV6-252WV2GN1 | B2: MDV6-252WV2GN1 | C2: 22027020001129 | D2: 2531
A3: MV6-280WV2GN1 | B3: MDV6-280WV2GN1 | C3: 22027020001127 | D3: 2609
A4: MV6-335WV2GN1 | B4: MDV6-335WV2GN1 | C4: 22027020001128 | D4: 2898
A5: MV6-400WV2GN1 | B5: MDV6-400WV2GN1 | C5: 22027020001186 | D5: 3389
A6: MV6-450WV2GN1 | B6: MDV6-450WV2GN1 | C6: 22027020001185 | D6: 3537
A7: MV6-500WV2GN1 | B7: MDV6-500WV2GN1 | C7: 22027020001145 | D7: 4238
A8: MV6-560WV2GN1 | B8: MDV6-560WV2GN1 | C8: 22027020001146 | D8: 4349
A9: MV6-615WV2GN1 | B9: MDV6-615WV2GN1 | C9: 22027020001147 | D9: 4641
A10: MV6-670WV2GN1 | B10: MDV6-670WV2GN1 | C10: 22027020001148 | D10: 5220
A11: MV6-730WV2GN1 | B11: MDV6-730WV2GN1 | C11: 22027020001149 | D11: 5463
A12: MV6-785WV2GN1 | B12: MDV6-785WV2GN1 | C12: 22027020001150 | D12: 5717
A13: MV6-850WV2GN1 | B13: MDV6-850WV2GN1 | C13: 22027020001125 | D13: 6166
... A27: MV6-i900WV2GN1 | B27: MDV6-i900WV2GN1 | C27: 22027020001006 | D27: 5672
A28: MV6-R252WV2GN1 | C28: 22027020001825 | D28: 2850
A29: MV6-R280WV2GN1 | C29: 22027020001865 | D29: 2950
A30: MV6-R335WV2GN1 | C30: 22027020001866 | D30: 3350
A31: MV6-R400WV2GN1 | C31: 22027020001885 | D31: 3850
A32: MV6-R450WV2GN1 | C32: 22027020001886 | D32: 4050
A33: MV6-R500WV2GN1 | C33: 22027020001845 | D33: 4250
A34: MV6-R560WV2GN1 | C34: 22027020001965 | D34: 4550
A35: MV5-X252W/V2GN1 | B35: MDV5-X252W/V2GN1 | C35: 22027020000119 | D35: 2412
A36: MV5-X280W/V2GN1 | B36: MDV5-X280W/V2GN1 | C36: 22027020000064 | D36: 2558
A37: MV5-X335W/V2GN1 | B37: MDV5-X335W/V2GN1 | C37: 22027020000214 | D37: 2896
A38: MV5-X400W/V2GN1 | B38: MDV5-X400W/V2GN1 | C38: 22027020000058 | D38: 3280
A39: MV5-X450W/V2GN1 | B39: MDV5-X450W/V2GN1 | C39: 22027020000025 | D39: 3520
A40: MV5-X500W/V2GN1 | B40: MDV5-X500W/V2GN1 | C40: 22027020000055 | D40: 3907
A41: MV5-X560W/V2GN1 | B41: MDV5-X560W/V2GN1 | C41: 22027020000127 | D41: 4318
A42: MV5-X615W/V2GN1 | B42: MDV5-X615W/V2GN1 | C42: 22027020000037 | D42: 4623
A43: MDVS-252(8)W/DRN1 | B43: MDVS-252(8)W/DRN1 | C43: 22027020000241 | D43: 2062
A44: MDVS-280(10)W/DRN1 | B44: MDVS-280(10)W/DRN1 | C44: 22027020000228 | D44: 2196
A45: MDVS-335(12)W/DRN1 | B45: MDVS-335(12)W/DRN1 | C45: 22027020000067 | D45: 2358
A46: MDV-V200W/DRN1 | B46: MDV-V200W/DRN1 | C46: 22027020000260 | D46: 1523
... A96: MI2-45Q4CDHN1 | B96: MDI2-45Q4CDHN1 | C96: 22026012000601 | D96: 237
D97: 30
A98: MI2-28Q4DHN1 | B98: MDI2-28Q4DHN1 | C98: 22026012000691 | D98: 184
A99: MI2-36Q4DHN1 | B99: MDI2-36Q4DHN1 | C99: 22026012000689 | D99: 193
A100: MI2-45Q4DHN1 | B100: MDI2-45Q4DHN1 | C100: 22026012000690 | D100: 229
A101: MI2-56Q4DHN1 | B101: MDI2-56Q4DHN1 | C101: 22026012000688 | D101: 235
A102: MI2-71Q4DHN1 | B102: MDI2-71Q4DHN1 | C102: 22026012000687 | D102: 289
A103: MI2-80Q4DHN1 | B103: MDI2-80Q4DHN1 | C103: 22026012000686 | D103: 301
A104: MI2-90Q4DHN1 | B104: MDI2-90Q4DHN1 | C104: 22026012000685 | D104: 309
A105: MI2-100Q4DHN1 | B105: MDI2-100Q4DHN1 | C105: 22026012000684 | D105: 328
A106: MI2-112Q4DHN1 | B106: MDI2-112Q4DHN1 | C106: 22026012000683 | D106: 386
A107: MI2-140Q4DHN1 | B107: MDI2-140Q4DHN1 | C107: 22026012000682 | D107: 410
A108: T-MBQ4-01E | B108: MDV-MBQ4-01E | C108: 22012900002830 | D108: 55
A109: MI2-22T2DHN1 | B109: MDI2-22T2DHN1 | C109: 22026011000943 | D109: 178
... A178: MI2-45ZDHN1 | B178: MDI2-45ZDHN1 | C178: 22026015000056 | D178: 298
A179: CE-MDVD22G/N1Y-11M | B179: MDVD22G/N1Y-11M | C179: 22026010000426 | D179: 115 | E179: 148
A180: CE-MDVD28G/N1Y-11M | B180: MDVD28G/N1Y-11M | C180: 22026010000419 | D180: 128 | E180: 156
A181: CE-MDVD36G/N1Y-11M | B181: MDVD36G/N1Y-11M | C181: 22026010000420 | D181: 142 | E181: 173
A182: CE-MDVD45G/N1Y-11M | B182: MDVD45G/N1Y-11M | C182: 22026010000421 | D182: 165 | E182: 196
A183: CE-MDVD56G/N1Y-11M | B183: MDVD56G/N1Y-11M | C183: 22026010000422 | D183: 172 | E183: 200
A184: CE-MDVD71G/N1Y-11M | B184: MDVD71G/N1Y-11M | C184: 22026010000423 | D184: 195 | E184: 216
A185: CE-MDVD80G/N1Y-11M | B185: MDVD80G/N1Y-11M | C185: 22026010000424 | D185: 202 | E185: 220
A186: CE-MDVD90G/N1Y-11M | B186: MDVD90G/N1Y-11M | C186: 22026010000425 | D186: 215 | E186: 234
A188: MDV-D18Q1/N1-D | B188: MDV-D18Q1/N1-D | C188: 22026012000204 | D188: 186
A189: MDV-D22Q1/N1-D | B189: MDV-D22Q1/N1-D | C189: 22026012000200 | D189: 200
A190: MDV-D28Q1/N1-D | B190: MDV-D28Q1/N1-D | C190: 22026012000218 | D190: 217
A191: MDV-D36Q1/N1-D | B191: MDV-D36Q1/N1-D | C191: 22026012000219 | D191: 220
A192: MDV-D45Q1/N1-D | B192: MDV-D45Q1/N1-D | C192: 22026012000234 | D192: 243
A193: MDV-D56Q1/N1-D | B193: MDV-D56Q1/N1-D | C193: 22026012000235 | D193: 257
A194: MDV-D71Q1/N1-D | B194: MDV-D71Q1/N1-D | C194: 22026012000236 | D194: 271
A195: MDV-D22Q2/N1 | B195: MDV-D22Q2/N1 | C195: 22026012000008 | D195: 284
A196: MDV-D28Q2/N1 | B196: MDV-D28Q2/N1 | C196: 22026012000014 | D196: 298
A197: MDV-D36Q2/N1 | B197: MDV-D36Q2/N1 | C197: 22026012000005 | D197: 311
A198: MDV-D45Q2/N1 | B198: MDV-D45Q2/N1 | C198: 22026012000024 | D198: 316
A199: MDV-D56Q2/N1 | B199: MDV-D56Q2/N1 | C199: 22026012000004 | D199: 324
... A206: MDV-D56Q4/N1-A3 | B206: MDV-D56Q4/N1-A3 | C206: 22026012000039 | D206: 232
B207: MDV-MBQ4-03A2 | C207: 12112900000382 | D207: 19
A208: MDV-D28Q4/N1-E | B208: MDV-D28Q4/N1-E | C208: 22026012000164 | D208: 213
A209: MDV-D36Q4/N1-E | B209: MDV-D36Q4/N1-E | C209: 22026012000174 | D209: 215
A210: MDV-D45Q4/N1-E | B210: MDV-D45Q4/N1-E | C210: 22026012000166 | D210: 242
A211: MDV-D56Q4/N1-E | B211: MDV-D56Q4/N1-E | C211: 22026012000047 | D211: 250
A212: MDV-D71Q4/N1-E | B212: MDV-D71Q4/N1-E | C212: 22026012000030 | D212: 316
A213: MDV-D80Q4/N1-E | B213: MDV-D80Q4/N1-E | C213: 22026012000060 | D213: 325
A214: MDV-D90Q4/N1-E | B214: MDV-D90Q4/N1-E | C214: 22026012000167 | D214: 331
A215: MDV-D100Q4/N1-E | B215: MDV-D100Q4/N1-E | C215: 22026012000065 | D215: 355
A216: MDV-D112Q4/N1-E | B216: MDV-D112Q4/N1-E | C216: 22026012000046 | D216: 413
A217: MDV-D140Q4/N1-E | B217: MDV-D140Q4/N1-E | C217: 22026012000057 | D217: 429
A218: T-MBQ4-02B1 | B218: MDV-MBQ4-02B1 | C218: 12112900A00616 | D218: 23
A219: MI-22G/DHN1-M | B219: MDI-22G/DHN1-M | C219: 22026010000179 | D219: 148
... A295: HRV-2000 | B295: HRV-2000 | C295: 22026022000017 | D295: 1176
A297: AHUKZ-00D | C297: 22012000000134 | D297: 132
A298: AHUKZ-01D | C298: 22012000000133 | D298: 136
A299: AHUKZ-02D | C299: 22012000000131 | D299: 150
A300: AHUKZ-03D | C300: 22012000000132 | D300: 185
A301: SMK-D140HHN1-3 | C301: 22010600000130 | D301: 1280
A302: SMK-D140HN1-3 | C302: 22010600000130 | D302: 1280
A303: MS01N1-D | C303: 22010200000195 | D303: 382
A304: MS04N1-D | C304: 22010200000219 | D304: 755
A305: MS06N1-D | C305: 22010200000218 | D305: 1020
A306: MS08N1-D | C306: 22010200000217 | D306: 1280
A307: MS10N1-D | C307: 22010200000216 | D307: 1520
A308: MS12N1-D | C308: 22010200000215 | D308: 1750
A309: R05/BGE | D309: 11
A310: RM05/BG | D310: 15
A311: RM02 | D311: 17
A312: KJRP-86I/MFK-E | B312: KJRP-86I/MFK-E | C312: 17317100004857 | D312: 19
A313: RM12A/BGEF | C313: 17317000002875 | D313: 15
...

Sheet V8 
I1: 0.38
A2: Series | B2: Power Supply | C2: Midea Model | D2: Factory code | E2: Description | F2: Capacity Kw | G2: Прайс Лист (розница) | I2: Цена со скидкой 62% | J2: комплект цена
A3: V8 Master | B3: 380-415V ~ 3N ~ 50/60Hz | C3: MV8-252WV2GN1(MA) | D3: 22027020002389 | E3: 1.Chassis electrical heater 2.Automatic refrigerant charging 3.Bluetooth module (with black box) 4.single outdoor unit ratio 200% 5. V8 system can connect 30% indoor units 6. Auto dust-clean function 7. Humidity control (in IDU) | F3: 25.2 | G3: 16697 | I3: 6345
C4: MV8-280WV2GN1(MA) | D4: 22027020002392 | F4: 28 | G4: 17205 | I4: 6538
C5: MV8-335WV2GN1(MA) | D5: 22027020002305 | F5: 33.5 | G5: 19112 | I5: 7263
C6: MV8-400WV2GN1(MA) | D6: 22027020002397 | F6: 40 | G6: 22349 | I6: 8493
C7: MV8-450WV2GN1(MA) | D7: 22027020002391 | F7: 45 | G7: 23326 | I7: 8864
C8: MV8-500WV2GN1(MA) | D8: 22027020002265 | F8: 50 | G8: 27951 | I8: 10622
C9: MV8-560WV2GN1(MA) | D9: 22027020002347 | F9: 56 | G9: 28670 | I9: 10895
C10: MV8-615WV2GN1(MA) | D10: 22027020002346 | F10: 61.5 | G10: 30606 | I10: 11631
C11: MV8-670WV2GN1(MA) | D11: 22027020002345 | F11: 67 | G11: 34426 | I11: 13082
C12: MV8-730WV2GN1(MA) | D12: 22027020002365 | F12: 73 | G12: 36025 | I12: 13690
C13: MV8-785WV2GN1(MA) | D13: 22027020002286 | F13: 78.5 | G13: 37698 | I13: 14326
C14: MV8-850WV2GN1(MA) | D14: 22027020002285 | F14: 85 | G14: 40661 | I14: 15452
C15: MV8-900WV2GN1(MA) | D15: 22027020002393 | F15: 90 | G15: 40981 | I15: 15573
... C19: MV8-1120WV2GN1(MA) | D19: 22027020002325 | F19: 112 | G19: 47325 | I19: 17984
A20: V8i Master | B20: 380-415V ~ 3N ~ 50/60Hz | C20: MV8i-252WV2GN1(MA) | D20: 22027020002647 | E20: 1.Chassis electrical heater 2.Automatic refrigerant charging 3.Bluetooth module (with black box) 4.single outdoor unit ratio 200% 5. V8 system can connect 30% indoor units 6. Auto dust-clean function 7. Humidity control (in IDU) | F20: 25.2 | G20: 13739 | I20: 5221
C21: MV8i-280WV2GN1(MA) | D21: 22027020002633 | F21: 28 | G21: 13996 | I21: 5319
C22: MV8i-335WV2GN1(MA) | D22: 22027020002646 | F22: 33.5 | G22: 16074 | I22: 6109
C23: MV8i-400WV2GN1(MA) | D23: 22027020002637 | F23: 40 | G23: 18798 | I23: 7144
C24: MV8i-450WV2GN1(MA) | D24: 22027020002623 | F24: 45 | G24: 19095 | I24: 7257
C25: MV8i-500WV2GN1(MA) | D25: 22027020002645 | F25: 50 | G25: 21270 | I25: 8083
C26: MV8i-560WV2GN1(MA) | D26: 22027020002629 | F26: 56 | G26: 22538 | I26: 8565
C27: MV8i-615WV2GN1(MA) | D27: 22027020002630 | F27: 61.5 | G27: 24565 | I27: 9335
C28: MV8i-670WV2GN1(MA) | D28: 22027020002627 | F28: 67 | G28: 26906 | I28: 10225
C29: MV8i-730WV2GN1(MA) | D29: 22027020002608 | F29: 73 | G29: 33781 | I29: 12837
C30: MV8i-785WV2GN1(MA) | D30: 22027020002609 | F30: 78.5 | G30: 34055 | I30: 12941
C31: MV8i-850WV2GN1(MA) | D31: 22027020002619 | F31: 85 | G31: 35163 | I31: 13362
C32: MV8i-900WV2GN1(MA) | D32: 22027020002618 | F32: 90 | G32: 37407 | I32: 14215
... C37: MV8i-1170WV2GN1(MA) | D37: 22027020002614 | F37: 117 | G37: 43105 | I37: 16380
A38: VC MAX | B38: 380-415V ~ 3N ~ 50/60Hz | C38: MVC-M224WV2GN1 | D38: 22027020003247 | E38: 1.Automatic refrigerant charging 2.Bluetooth module (with black box) 3.single outdoor unit ratio 200% 4. V8 system can connect 30% indoor units 5. Auto dust-clean function 6. Humidity control (in IDU) | F38: 22.4 | G38: 7823 | I38: 2973
C39: MVC-M280WV2GN1 | D39: 22027020003245 | F39: 28 | G39: 8394 | I39: 3190
C40: MVC-M335WV2GN1 | D40: 22027020003225 | F40: 33.5 | G40: 8674 | I40: 3297
C41: MVC-M400WV2GN1 | D41: 22027020003246 | F41: 40 | G41: 11398 | I41: 4332
C42: MVC-M450WV2GN1 | D42: 22027020003165 | F42: 45 | G42: 11438 | I42: 4347
C43: MVC-M500WV2GN1 | D43: 22027020003188 | F43: 50 | G43: 15058 | I43: 5723
C44: MVC-M560WV2GN1 | D44: 22027020003205 | F44: 56 | G44: 15086 | I44: 5733
C45: MVC-M615WV2GN1 | D45: 22027020003189 | F45: 61.5 | G45: 16731 | I45: 6358
C46: MVC-M670WV2GN1 | D46: 22027020003190 | F46: 67 | G46: 18267 | I46: 6942
C47: MVC-M730WV2GN1 | D47: 22027020003185 | F47: 73 | G47: 18472 | I47: 7020
C48: MVC-M785WV2GN1 | D48: 22027020003187 | F48: 78.5 | G48: 19135 | I48: 7272
C49: MVC-M850WV2GN1 | D49: 22027020003186 | F49: 85 | G49: 20277 | I49: 7706
A50: V8S | B50: 380-415V ~ 3N ~ 50/60Hz | C50: MV8S-252WV2GN1 | D50: 22027020002412 | E50: 1.Automatic refrigerant charging 2.Bluetooth module (with black box) 3.single outdoor unit ratio 200% 4. V8 system can connect 30% indoor units 5. Auto dust-clean function | F50: 25.2 | G50: 14438 | I50: 5487
C51: MV8S-280WV2GN1 | D51: 22027020002413 | F51: 28 | G51: 15355 | I51: 5835
C52: MV8S-335WV2GN1 | D52: 22027020002410 | F52: 33.5 | G52: 16998 | I52: 6460
C53: MV8S-400WV2GN1 | D53: 22027020002407 | F53: 40 | G53: 18582 | I53: 7062
C54: MV8S-450WV2GN1 | D54: 22027020002408 | F54: 45 | G54: 20082 | I54: 7632
C55: MV8S-500WV2GN1 | D55: 22027020002411 | F55: 50 | G55: 21831 | I55: 8296
C56: MV8S-560WV2GN1 | D56: 22027020002406 | F56: 56 | G56: 24513 | I56: 9315
C57: MV8S-615WV2GN1 | D57: 22027020002405 | F57: 61.5 | G57: 26045 | I57: 9898
C58: MV8S-670WV2GN1 | D58: 22027020002409 | F58: 67 | G58: 28446 | I58: 10810
A59: Easyfit | B59: 380-415V ~ 3N ~ 50/60Hz | C59: MVi-252WV2GN1(B) | D59: 22027020002998 | E59: 1.Auto dust-clean function 2.Automatic refrigerant charging 3.Bluetooth module (with black box) 4.Wide combination ratio 30%-200% | F59: 25.2 | G59: 12265 | I59: 4661
C60: MVi-280WV2GN1(B) | D60: 22027020003000 | F60: 28 | G60: 12556 | I60: 4772
C61: MVi-335WV2GN1(B) | D61: 22027020002999 | F61: 33.5 | G61: 14348 | I61: 5453
C62: MVi-400WV2GN1(A) | D62: 22027020002588 | F62: 40 | G62: 16632 | I62: 6321
C63: MVi-450WV2GN1(A) | D63: 22027020002589 | F63: 45 | G63: 17464 | I63: 6637
C64: MVi-500WV2GN1(A) | D64: 22027020002587 | F64: 50 | G64: 18985 | I64: 7215
C65: MVi-560WV2GN1(A) | D65: 22027020002585 | F65: 56 | G65: 20421 | I65: 7760
C66: MVi-615WV2GN1(A) | D66: 22027020002586 | F66: 61.5 | G66: 21927 | I66: 8333
C67: MVi-670WV2GN1(A) | D67: 22027020002590 | F67: 67 | G67: 24015 | I67: 9126
A68: R410a V8 Mini | B68: 380-415V 3N~ 50Hz | C68: MV8M-120WV2GN1 | D68: 22027020002868 | E68: 1.Chassis electrical heater 2.Bluetooth module 3.combination ratio 50%-130% (with V6 IDU) 4. combination ratio 50% -160% (with V8 IDU) | F68: 12 | G68: 6759 | I68: 2569
C69: MV8M-140WV2GN1 | D69: 22027020002866 | F69: 14 | G69: 7373 | I69: 2802
C70: MV8M-160WV2GN1 | D70: 22027020002667 | F70: 16 | G70: 8297 | I70: 3153
C71: MV8M-170WV2GN1 | D71: 22027020002667 | F71: 17 | G71: 8495 | I71: 3229
B72: 220-240V ~ 50Hz | C72: MV8M-80WV2HN1 | D72: 22027020002867 | F72: 8 | G72: 4024 | I72: 1530
C73: MV8M-100WV2HN1 | D73: 22027020002666 | F73: 10 | G73: 4685 | I73: 1781
C74: MV8M-120WV2HN1 | D74: 22027020002869 | F74: 12 | G74: 5629 | I74: 2140
C75: MV8M-140WV2HN1 | D75: 22027020002865 | F75: 14 | G75: 6142 | I75: 2334
C76: MV8M-160WV2HN1 | D76: 22027020002665 | F76: 16 | G76: 6915 | I76: 2628
C77: MV8M-170WV2HN1 | D77: 22027020002665 | F77: 18 | G77: 7532 | I77: 2863
A78: R32 V8 Mini | B78: 380-415V 3N~ 50Hz | C78: MV8M-120WV2RN8 | D78: 22027020002530 | E78: 1.Chassis electrical heater 2.Bluetooth module 3. combination ratio 50%-160% (with V8 IDU) | F78: 12 | G78: 6693 | I78: 2544
C79: MV8M-140WV2RN8 | D79: 22027020002529 | F79: 14 | G79: 7304 | I79: 2776
C80: MV8M-160WV2RN8 | D80: 22027020002526 | F80: 16 | G80: 8217 | I80: 3123
C81: MV8M-180WV2RN8 | D81: 22027020002245 | F81: 18 | G81: 8737 | I81: 3321
B82: 220-240V ~ 50Hz | C82: MV8M-80WV2N8 | D82: 22027020002527 | F82: 8 | G82: 4346 | I82: 1652
C83: MV8M-100WV2N8 | D83: 22027020002246 | F83: 10 | G83: 4460 | I83: 1695
C84: MV8M-120WV2N8 | D84: 22027020002528 | F84: 12 | G84: 5522 | I84: 2099
C85: MV8M-140WV2N8 | D85: 22027020002531 | F85: 14 | G85: 5973 | I85: 2270
C86: MV8M-160WV2N8 | D86: 22027020002525 | F86: 16 | G86: 6413 | I86: 2437
C87: MV8M-180WV2N8 | D87: 22027020002225 | F87: 18 | G87: 6710 | I87: 2550
A88: Compact Four-way cassette | B88: 220-240V ~ 50/60Hz | C88: MIH15Q4CHN18 | D88: 22026012000977 | E88: 1.Indoor temperature detection control 2.Humidity control 3. Independent power supply 4. Long-distance on/off function 5. Long-distance alarm function 6. X1X2, PQE, D1D2, M1M2 7. Build-in drain pump 8. Water level switch 9. Including remote controller RM12F1 10. Full package box | F88: 1.5 | G88: 988 | I88: 376
C89: MIH22Q4CHN18 | D89: 22026012000995 | F89: 2.2 | G89: 1091 | I89: 415
C90: MIH28Q4CHN18 | D90: 22026012000994 | F90: 2, 8 | G90: 1108 | I90: 422
C91: MIH36Q4CHN18 | D91: 22026012000996 | F91: 3.6 | G91: 1188 | I91: 452
C92: MIH45Q4CHN18 | D92: 22026012000980 | F92: 4.5 | G92: 1302 | I92: 495
C93: MIH56Q4CHN18 | D93: 22026012000998 | F93: 5.6 | G93: 1359 | I93: 517
C94: MIH63Q4CHN18 | D94: 22026012000979 | F94: 6.3 | G94: 1417 | I94: 539
C95: T-MBQ4-03F | D95: 22012900003270 | E95: Panel for V8 DC Q4-C，without Human Detect Sensor，with Individual louver control | G95: 229 | I95: 88
C96: T-MBQ4C-8PC(HS) | D96: 22012900003270 | E96: Panel for V8 DC Q4-C，with Human Detect Sensor，with Individual louver control | G96: 280 | I96: 107
A97: Four-way cassette | B97: 220-240V ~ 50/60Hz | C97: MIH28Q4HN18 | D97: 22026012001122 | E97: 1.Indoor temperature detection control 2.Humidity control 3. Independent power supply 4. Long-distance on/off function 5. Long-distance alarm function 6. X1X2, PQE, D1D2, M1M2 7.Build-in drain pump 8. Water level switch 9. Including remote controller RM12F1 10. full package box | F97: 2.8 | G97: 1194 | I97: 454 | J97: =I97+$I$109 -> 585
C98: MIH36Q4HN18 | D98: 22026012001130 | F98: 3.6 | G98: 1217 | I98: 463 | J98: =I98+$I$109 -> 594
C99: MIH45Q4HN18 | D99: 22026012001124 | F99: 4.5 | G99: 1382 | I99: 526 | J99: =I99+$I$109 -> 657
C100: MIH56Q4HN18 | D100: 22026012001115 | F100: 5.6 | G100: 1439 | I100: 547 | J100: =I100+$I$109 -> 678
C101: MIH71Q4HN18 | D101: 22026012001132 | F101: 7.1 | G101: 1873 | I101: 712 | J101: =I101+$I$109 -> 843
C102: MIH80Q4HN18 | D102: 22026012001129 | F102: 8 | G102: 1930 | I102: 734 | J102: =I102+$I$109 -> 865
C103: MIH90Q4HN18 | D103: 22026012001123 | F103: 9 | G103: 1970 | I103: 749 | J103: =I103+$I$109 -> 880
C104: MIH100Q4HN18 | D104: 22026012001128 | F104: 10 | G104: 2125 | I104: 808 | J104: =I104+$I$109 -> 939
C105: MIH112Q4HN18 | D105: 22026012001133 | F105: 11.2 | G105: 2507 | I105: 953 | J105: =I105+$I$109 -> 1084
C106: MIH140Q4HN18 | D106: 22026012001121 | F106: 14 | G106: 2610 | I106: 992 | J106: =I106+$I$109 -> 1123
C107: MIH160Q4HN18 | D107: 22026012001277 | F107: 16 | G107: 2639 | I107: 1003 | J107: =I107+$I$111 -> 1188
...

Sheet VRF
A1: Series | B1: Midea model | C1: Code | D1: Description of Goods | E1: Capacity (Kw) | F1: Прайс Лист (розница) | H1: Цена со скидкой 62%
A2: V6R Series Series with automatic refrigerant charging function | B2: MV6-R252WV2GN1 | C2: 22027020001825 | D2: 380~415V-3PH 50(60)Hz Series with automatic refrigerant charging function Output limitation control; Full DC inverter EVI compressor; Night silent modes+ silent modes +super silent modes; EMS (Energy Management System); Wrong connection protection; Alarm output; Maximum ESP 80 Pa; Black Box; Mr. Doctor; Auto dust-clean function; Hot water supply; | E2: 25.2 | F2: 18161 | H2: 6902
B3: MV6-R280WV2GN1 | C3: 22027020001865 | E3: 28 | F3: 18788 | H3: 7140
B4: MV6-R335WV2GN1 | C4: 22027020001866 | E4: 33.5 | F4: 21318 | H4: 8101
B5: MV6-R400WV2GN1 | C5: 22027020001885 | E5: 40 | F5: 24488 | H5: 9306
B6: MV6-R450WV2GN1 | C6: 22027020001886 | E6: 45 | F6: 25759 | H6: 9789
B7: MV6-R500WV2GN1 | C7: 22027020001845 | E7: 50 | F7: 27018 | H7: 10267
B8: MV6-R560WV2GN1 | C8: 22027020001965 | E8: 56 | F8: 28917 | H8: 10989
A9: V6-i侧出风外机 VRF V6-i ODU | B9: MVi-200WV2GN1(A) | C9: 22027020002045 | D9: VRF outdoor 380~415V-3PH 50(60)Hz All DC invertor Side discharge | E9: 20 | F9: 8100 | H9: 3078
B10: MVi-224WV2GN1(A) | C10: 22027020002046 | E10: 22.4 | F10: 8357 | H10: 3176
B11: MVi-260WV2GN1(A) | C11: 22027020002047 | E11: 26 | F11: 8642 | H11: 3284
B12: MVi-280WV2GN1(A) | C12: 22027020002048 | E12: 28 | F12: 8995 | H12: 3419
B13: MVi-335WV2GN1(A) | C13: 22027020002049 | E13: 33.5 | F13: 10449 | H13: 3971
A14: VC-i - side discharge | B14: MDVC-V200W/DRN1 | C14: 22027020001945 | E14: 20 | F14: 6476 | H14: 2461
B15: MDVC-V224W/DRN1 | C15: 22027020001946 | E15: 22.4 | F15: 6658 | H15: 2531
B16: MDVC-V260W/DRN1 | C16: 22027020001947 | E16: 26 | F16: 6732 | H16: 2559
B17: MDVC-V280W/DRN1 | C17: 22027020001925 | E17: 28 | F17: 6778 | H17: 2576
A18: Water source V4+ W series | B18: MDVS-252(8)W/DRN1 | C18: 22027020000241 | D18: Water source DC inverter, R410A, 380V, outdoor unit Modular type | E18: 25.2 | F18: 13048 | H18: 4959
B19: MDVS-280(10)W/DRN1 | C19: 22027020000228 | E19: 28 | F19: 13897 | H19: 5281
B20: MDVS-335(12)W/DRN1 | C20: 22027020000067 | E20: 33.5 | F20: 14929 | H20: 5674
A21: 3-Pipe VRF model switch box | B21: MS01N1-D | C21: 22010200000195 | D21: model switch box, one drive 1 | E21: / | F21: 2303 | H21: 876
B22: MS04N1-D | C22: 22010200000219 | D22: model switch box, one drive 4 | E22: / | F22: 4549 | H22: 1729
B23: MS06N1-D | C23: 22010200000218 | D23: model switch box, one drive 6 | E23: / | F23: 6151 | H23: 2338
B24: MS08N1-D | C24: 22010200000217 | D24: model switch box, one drive 8 | E24: / | F24: 7713 | H24: 2931
B25: MS10N1-D | C25: 22010200000216 | D25: model switch box, one drive 10 | E25: / | F25: 9166 | H25: 3484
B26: MS12N1-D | C26: 22010200000215 | D26: model switch box, one drive 12 | E26: / | F26: 10557 | H26: 4012
A27: Mini C 2rd geneartion | B27: MDV-V80W/DHN1(D) | C27: 22027020002077 | D27: All DC inverter; single phase; R410A; 220V | F27: 3306 | H27: 1257
B28: MDV-V100W/DHN1(D) | C28: 22027020002078 | F28: 4281 | H28: 1627
B29: MDV-V120W/DHN1(D) | C29: 22027020002079 | F29: 5142 | H29: 1954
B30: MDV-V140W/DHN1(D) | C30: 22027020002080 | F30: 5609 | H30: 2132
B31: MDV-V160W/DHN1(D) | C31: 22027020002081 | F31: 6316 | H31: 2401
B32: MDV-V180W/DHN1(D) | C32: 22027020002105 | F32: 6424 | H32: 2442
A33: AC HRV | B33: HRV-200 | C33: 22026022000019 | D33: 220-240V ~ 50Hz | E33: 200m3/h | F33: 1437 | H33: 547
B34: HRV-300 | C34: 22026022000018 | E34: 300m3/h | F34: 1733 | H34: 659
B35: HRV-400 | C35: 22026022000011 | E35: 400m3/h | F35: 2087 | H35: 794
B36: HRV-500 | C36: 22026022000016 | E36: 500m3/h | F36: 2879 | H36: 1095
B37: HRV-800 | C37: 22026022000009 | E37: 800m3/h | F37: 3740 | H37: 1422
B38: HRV-1000 | C38: 22026022000012 | E38: 1000m3/h | F38: 4367 | H38: 1660
B39: HRV-1500 | C39: 22026022000001 | D39: 380-415V ~ 3N ~ 50Hz | E39: 1500m3/h | F39: 6362 | H39: 2418
B40: HRV-2000 | C40: 22026022000017 | E40: 2000m3/h | F40: 7445 | H40: 2830
A41: HRV controler | B41: KJR-27B/BGE(A) | C41: 17317100000131 | D41: KJR-27B/E | F41: 109 | H41: 42
B42: RM12A/BGEF | C42: 17317000002875 | D42: Remote controller | E42: / | F42: 97 | H42: 37
B43: KJR-29B1/BK-E | C43: 17317100000108 | D43: wired controller (touchable button) | E43: / | F43: 251 | H43: 96
B44: KJR-86C-E | C44: 17317100000027 | D44: Mode button hidden wired controller | F44: 120 | H44: 46
B45: CCM30/BKE-B(A) | C45: 17311500A07168 | F45: 576 | H45: 219
B46: CCM30 | C46: 17311500A06527 | F46: 576 | H46: 219
B47: MD-CCM09/E | E47: / | F47: 519 | H47: 198
B48: KJR-150A/M-E | C48: 17311500000071 | D48: Indoor units group controller | F48: 325 | H48: 124
B49: NIM01/E | D49: Network Interface Module | E49: / | F49: 114 | H49: 44
B50: MD-NIM09/E | D50: Infrared sensor | E50: / | F50: 377 | H50: 144
B51: CCM-18A/N(A) | C51: 17211200003281 | D51: New BMS gateway(Modbus) | F51: 5438 | H51: 2067
B52: GW-BAC(D) | C52: 17211200002582 | D52: BMS gateway(BakNet) for V4+ V5X | F52: 8117 | H52: 3085
B53: CCM-15(A) | C53: 17211200003282 | D53: Data converter CCM15 for iPad and iPhone | F53: 855 | H53: 325
B54: IMM441V4PA58 | D54: M-interface of 4th generation central control system | F54: 8169 | H54: 3105
B55: IMM-ENET-MA | D55: IMM software | F55: 5450 | H55: 2071
B56: WDC-86E/K | C56: 17317100003095 | D56: wired controller, substitution for WDC-86E/KD | F56: 109 | H56: 42
B57: DTS343-3 | C57: 17511100000227 | D57: Ammeter | F57: 702 | H57: 267
B58: GW-KNX | C58: 17211200A02945 | D58: KNX Protocol Gateway ，facto name is MD-KNX-01 | F58: 793 | H58: 302
A59: 1st generation FCU control box | B59: CE-FCUKZ-01 | C59: 22012000000004 | D59: FCU control box for 2-pipe | F59: 246 | H59: 94
B60: CE-FCUKZ-02 | C60: 22012000000007 | D60: FCU control box for 4-pipe | F60: 274 | H60: 105
A61: Branch pipes | B61: CE-FQZHW-02N1D | D61: V4+ outdoor distributor with insulation | E61: / | F61: 268 | H61: 102
B62: CE-FQZHW-03N1D | E62: / | F62: 513 | H62: 195
B63: CE-FQZHW-04N1D | E63: / | F63: 964 | H63: 367
B64: CE-FQZHN-01D | C64: 15111700000352 | D64: V4+ indoor distributor with insulation | E64: / | F64: 109 | H64: 42
B65: CE-FQZHN-02D | C65: 15111700000376 | E65: / | F65: 120 | H65: 46
B66: CE-FQZHN-03D | C66: 15111700000304 | E66: / | F66: 234 | H66: 89
B67: CE-FQZHN-04D | C67: 15111700000390 | E67: / | F67: 388 | H67: 148
B68: CE-FQZHN-05D | C68: 15111700000272 | E68: / | F68: 405 | H68: 154
B69: CE-FQZHN-06D | C69: 15111700000311 | E69: / | F69: 513 | H69: 195
B70: FQZHW-02N1E | C70: 15111700001468 | D70: Branch pipes for V6 outdoor units | F70: 576 | H70: 219
B71: FQZHW-03N1E | C71: 15111700001467 | F71: 1015 | H71: 386
B72: FQZHD-01 | C72: 15111700000307 | D72: Branch pipes for VRF AHU KIT | F72: 49 | H72: 19
B73: FQZHD-02 | C73: 15111700000341 | F73: 92 | H73: 35
B74: FQZHD-03 | C74: 15111700000277 | F74: 149 | H74: 57
B75: FQZHD-04 | C75: 15111700000265 | F75: 166 | H75: 64
B76: MCAC-PIDU | C76: 17126000003949 | D76: IDU online kit, only suitable for 2nd generation IDU,220V-24V transformer needs to be purchased by installer | F76: 211 | H76: 81
B77: MCAC-DSCK | C77: 17227000003201 | D77: Conversion box for diagnosis software connection to V5X | F77: 228 | H77: 87
B78: MA-HKCW | C78: 17211300000229 | D78: Hotel card module | F78: 114 | H78: 44
B79: MA-HKCS | C79: 17211300000231 | D79: Hotel card module | F79: 171 | H79: 65
A80: Panel | B80: T-MBQ4-01E(S) | C80: 22012900002830 | D80: Panel for Common cassette, 360 deg. Air outlet | E80: / | F80: 337 | H80: 129
B81: T-MBQ4-03B | C81: 12112900000382 | D81: Panel for Compact four-way cassette(AC type only) | E81: / | F81: 126 | H81: 48
B82: CE-MBQ-03C4 | C82: 22012900002851 | D82: Panel for Compact four-way cassette(2nd generation) 360 deg. Air outlet | F82: 223 | H82: 85
B83: T-MBQ4-02B1 | C83: 12112900A00616 | D83: Panel for Common cassette | E83: / | F83: 337 | H83: 129
B84: CE-MBQ2-01 | C84: 22012900002618 | D84: Panel for Two-way cassette | F84: 513 | H84: 195
B85: MBQ1-01D | C85: 22012900000410 | D85: Panel for One-way cassette(4.5-7.1kw) | E85: / | F85: 320 | H85: 122
B86: MBQ1-02D | C86: 12112900000376 | D86: Panel for One-way cassette(1.8-3.6kw) | E86: / | F86: 183 | H86: 70
B87: MA-EK | C87: 17111200001461 | D87: Communication modular converter | F87: 593 | H87: 226
B88: CE-FP-42.5DLM/C1BP2XH-DJZJ | C88: 12126200000334 | D88: Supporting bar | F88: 43 | H88: 17
B89: CE-FP-204WA-Z-G30.ZL | C89: 15426200000368 | D89: available for 2-pipe LSP&MSP duct (2&4-Row) | F89: 377 | H89: 144
B90: CE-FP-136WA-Y-G70.ZLA | C90: 15426200000389 | D90: available for 2-pipe HSP duct MKT3H-800 | F90: 377 | H90: 144
B91: CE-FP-306WA-Z-G100.ZL | C91: 15426200000350 | D91: available for 2-pipe HSP duct MKT3H-1400 | F91: 377 | H91: 144
B92: CE-FP-238WA-Z-G70.ZL | C92: 15426200000390 | D92: available for 2-pipe HSP duct other than MKT3H-800 and MKT3H-1400 | F92: 377 | H92: 144
B93: FP-68KBM/B2.ZL | C93: 15426200000331 | D93: available for 2-pipe compact 4-way cassette | F93: 342 | H93: 130
B94: CE-FP-255KBM.ZLA | C94: 15426200000305 | D94: available for 2-pipe 4-way cassette | F94: 360 | H94: 137
B95: CE-FP-42.5LM-Z/B.ZL | C95: 15426200000351 | D95: available for 1st Ceiling&Floor (right connecting) | F95: 377 | H95: 144
B96: CE-FP-42.5LM-Y/B.ZL | C96: 15426200000336 | D96: available for 1st Ceiling&Floor (left connecting) | F96: 377 | H96: 144
B97: TWVK92 | C97: 15426200000492 | D97: is for 2nd two pipe ceiling & floor FCU 150-700R3/R4 | F97: 354 | H97: 135
B98: TWVK95 | C98: 15426200000495 | D98: is for 2nd two pipe ceiling & floor FCU 800R3/R4 | F98: 354 | H98: 135
B99: CE-FP-68KBM/B2S.ZL.3 | C99: 15426200000367 | F99: 645 | H99: 246
B100: CE-FP-12.5KBM/A1S.ZL | C100: 15426200000358 | D100: available for 4-pipe compact 4-way cassette | F100: 667 | H100: 254
...

Sheet Atom
H1: 0.38
A2: Series | B2: MIDEA MODEL | C2: Code | D2: Description of Goods | E2: Capacity | F2: Прайс Лист (розница) | H2: Цена со скидкой 62% | I2: комплект цена
A3: ATOM OU Cooling and Heating (Примечание : в прайсе с продажными ценами старшая модель "V68" ошибочно называется "V72" | B3: MDV-V12WDHN1(AtB) | C3: 22027020002147 | D3: Heat pump, inverter type ODU | E3: 3.5 | F3: 2229 | H3: 848
B4: MDV-V18WDHN1(AtB) | C4: 22027020002146 | E4: 5.3 | F4: 2400 | H4: 912
B5: MDV-V21WDHN1(AtB) | C5: 22027020002145 | E5: 6.2 | F5: 2571 | H5: 977
B6: MDV-V28WDHN1(AtB) | C6: 22027020002077 | E6: 8 | F6: 2994 | H6: 1138
B7: MDV-V36WDHN1A(AtB) | C7: 22027020003485 | E7: 10.5 | F7: 3537 | H7: 1345
B8: MDV-V42WDHN1A(AtB) | C8: 22027020003425 | E8: 12 | F8: 4067 | H8: 1546
B9: MDV-V48WDHN1(AtB) | C9: 22027020002080 | E9: 14 | F9: 4357 | H9: 1656
B10: MDV-V56WDHN1(AtB) | C10: 22027020002081 | E10: 16 | F10: 4908 | H10: 1866
B11: MDV-V60WDHN1(AtB) | C11: 22027020002105 | E11: 18 | F11: 5984 | H11: 2274
B12: MDV-V68WDHN1(AtB) | C12: CBO 22027020003365 | E12: 20 | F12: 6246 | H12: 2374
A13: ATOM Branch pipe assembly | B13: DXFQT2-02 | C13: 15111700001940 | D13: Branch pipe assembly, mini VRF only | E13: / | F13: 160 | H13: 61
B14: DXFQT3-02 | C14: 15111700001936 | D14: Branch pipe assembly, mini VRF only | E14: / | F14: 223 | H14: 85
B15: DXFQT4-02 | C15: 15111700001942 | D15: Branch pipe assembly, mini VRF only | E15: / | F15: 280 | H15: 107
B16: DXFQT5-02 | C16: 15111700001934 | D16: Branch pipe assembly, mini VRF only | E16: / | F16: 320 | H16: 122
B17: DXFQT6-02 | C17: 15111700001938 | D17: Branch pipe assembly, mini VRF only | E17: / | F17: 377 | H17: 144
B18: RM12F | C18: 17317000008018 | E18: / | F18: 63 | H18: 24
B19: WDC-86E/K | C19: 17317100003095 | E19: / | F19: 109 | H19: 42
A20: ATOM CCU connection kit | B20: VCCUKZ-00(at) | C20: 22012000000134 | D20: 2,2 - 9,0kW | E20: / | F20: 759 | H20: 289
B21: VCCUKZ-01(at) | C21: 22012000000133 | D21: 9,0 - 16,0 kW | E21: / | F21: 764 | H21: 291
A22: Atom T ODU(EU Series) | B22: MDV-V80WHN8(At) | C22: 22027020003085 | E22: 8 | F22: 2862 | H22: 1088
B23: MDV-V100WHN8(At) | C23: 22027020003086 | E23: 10 | F23: 3643 | H23: 1385
B24: MDV-V120WHN8(At) | C24: 22027020003006 | E24: 12 | F24: 4378 | H24: 1664
B25: MDV-V140WHN8(At) | C25: 22027020003005 | E25: 14 | F25: 4783 | H25: 1818
B26: MDV-V160WHN8(At) | C26: 22027020003007 | E26: 16 | F26: 5381 | H26: 2045
A27: Atom T IDU with water tank | B27: SMKT-D100/190CGN8(At) | C27: 22025314000831 | E27: 190L | F27: 10642 | H27: 4044
B28: SMKT-D160/240CGN8(At) | C28: 22025314000832 | E28: 240L | F28: 12438 | H28: 4727
A29: hydraulic module | B29: SMK-D160N8(At) | C29: 22025314000811 | E29: 16 | F29: 5871 | H29: 2231
A30: DHW Kit | B30: MHWK-120HN8 | C30: 22012000000191 | E30: 12.3 | F30: 816 | H30: 311
A31: DHW Tank | B31: MT-200R26E20 | C31: 22025331000101 | E31: / | F31: 2235 | H31: 850
B32: MT-300R26E20 | C32: 22025331000081 | E32: / | F32: 2719 | H32: 1034
A33: AtomC VRF Cooling only | B33: MDVC-V28WDHN1(AtC) | C33: 22027020003467 | D33: Cooling only Mini VRF, 220-240V ~ 50/60Hz Customization number (EXV) - PZ2024102834128 | E33: 8 | F33: 2337 | H33: 889
B34: MDVC-V36WDHN1(AtC) | C34: 22027020003465 | E34: 10 | F34: 3033 | H34: 1153
B35: MDVC-V42WDHN1(AtC) | C35: 22027020003466 | E35: 12 | F35: 3648 | H35: 1387
B36: MDVC-V48WDHN1(AtC) | C36: 22027020003446 | E36: 14 | F36: 3985 | H36: 1515
B37: MDVC-V56WDHN1(AtC) | C37: 22027020003447 | E37: 16 | F37: 4486 | H37: 1705
B38: MDVC-V60WDHN1(AtC) | C38: 22027020003445 | E38: 18 | F38: 5370 | H38: 2041
A39: ATOM V8 IDU Wall-mounted | B39: MI2-05GDHN18(At) | C39: 22026010000581 | D39: Long-distance on/off function Long-distance alarm function X1X2, PQE, D1D2 Indoor temperature detection control Including remote controller RM12F1 Panel Z-HS-C1 | E39: 1.5 | F39: 496 | H39: 189
B40: MI2-07GDHN18(At) | C40: 22026010000583 | E40: 2.2 | F40: 519 | H40: 198
B41: MI2-09GDHN18(At) | C41: 22026010000580 | E41: 2.8 | F41: 542 | H41: 206
B42: MI2-12GDHN18(At) | C42: 22026010000585 | E42: 3.6 | F42: 593 | H42: 226
B43: MI2-15GDHN18(At) | C43: 22026010000559 | E43: 4.5 | F43: 650 | H43: 247
B44: MI2-18GDHN18(At) | C44: 22026010000561 | E44: 5.6 | F44: 673 | H44: 256
B45: MI2-24GDHN18(At) | C45: 22026010000601 | E45: 7.1 | F45: 753 | H45: 287
B46: MI2-28GDHN18(At) | C46: 22026010000602 | E46: 8 | F46: 781 | H46: 297
A47: V8 Atom Q1 One-way cassette(super slim) +price with RM12F1 | B47: MI2-06Q1DHN18(At) | C47: CBO 22026012001394 | D47: Long-distance on/off function Long-distance alarm function X1X2, PQE, D1D2 Indoor temperature detection control Including remote controller RM12F1 Build-in drain pump | E47: 1.8 | F47: 736 | H47: 280 | I47: =H47+$H$49 -> 348
B48: MI2-07Q1DHN18(At) | C48: CBO 22026012001396 | E48: 2.2 | F48: 741 | H48: 282 | I48: =H48+$H$49 -> 350
B49: T-MBQ1-01G | C49: 22013900000021 | F49: 177 | H49: 68
B50: MI2-09Q1DHN18(At) | C50: CBO 22026012001397 | E50: 2.8 | F50: 753 | H50: 287 | I50: =+H50+$H$52 -> 355
B51: MI2-12Q1DHN18(At) | C51: CBO 22026012001416 | E51: 3.6 | F51: 776 | H51: 295 | I51: =+H51+$H$52 -> 363
B52: T-MBQ1-02G | C52: 22013900000023 | F52: 177 | H52: 68
B53: MI2-15Q1DHN18(At) | C53: CBO 22026012001415 | E53: 4.5 | F53: 878 | H53: 334 | I53: =+H53+$H$56 -> 452
B54: MI2-18Q1DHN18(At) | C54: CBO 22026012001414 | E54: 5.6 | F54: 890 | H54: 339 | I54: =+H54+$H$56 -> 457
B55: MI2-24Q1DHN18(At) | C55: CBO 22026012001417 | E55: 7.1 | F55: 941 | H55: 358 | I55: =+H55+$H$56 -> 476
B56: T-MBQ1-03G | C56: 22013900000022 | F56: 308 | H56: 118
A57: V8 Atom DL Ceiling&Floor + price with RM12F1 | B57: MI2-12DLDHN18(At) | C57: CBO 22026013000450 | D57: Long-distance on/off function Long-distance alarm function X1X2, PQE, D1D2 Indoor temperature detection control Including remote controller RM12F1 | E57: 3.6 | F57: 1368 | H57: 520
B58: MI2-15DLDHN18(At) | C58: CBO 22026013000455 | E58: 4.5 | F58: 1454 | H58: 553
B59: MI2-18DLDHN18(At) | C59: CBO 22026013000454 | E59: 5.6 | F59: 1460 | H59: 555
B60: MI2-24DLDHN18(At) | C60: CBO 22026013000462 | E60: 7.1 | F60: 1465 | H60: 557
B61: MI2-28DLDHN18(At) | C61: CBO 22026013000460 | E61: 8 | F61: 1705 | H61: 648
B62: MI2-32DLDHN18(At) | C62: CBO 22026013000457 | E62: 9 | F62: 1716 | H62: 653
B63: MI2-40DLDHN18(At) | C63: CBO 22026013000467 | E63: 11.2 | F63: 2109 | H63: 802
B64: MI2-48DLDHN18(At) | C64: CBO 22026013000469 | E64: 14 | F64: 2132 | H64: 811
A65: V8 Atom 小冷霸 Q4C Compact Four-way cassette | B65: MI2-05Q4CDHN18(At) | C65: 22026012001474 | D65: Long-distance on/off function Long-distance alarm function X1X2, PQE, D1D2 Indoor temperature detection control Including remote controller RM12F1 Build-in drain pump | E65: 1.5 | F65: 690 | H65: 263
B66: MI2-07Q4CDHN18(At) | C66: 22026012001478 | E66: 2.2 | F66: 713 | H66: 271
B67: MI2-09Q4CDHN18(At) | C67: 22026012001475 | E67: 2.8 | F67: 741 | H67: 282
B68: MI2-12Q4CDHN18(At) | C68: 22026012001477 | E68: 3.6 | F68: 770 | H68: 293
B69: MI2-15Q4CDHN18(At) | C69: 22026012001480 | E69: 4.5 | F69: 827 | H69: 315
B70: MI2-18Q4CDHN18(At) | C70: 22026012001476 | E70: 5.6 | F70: 884 | H70: 336
B71: MI2-21Q4CDHN18(At) | C71: 22026012001479 | E71: 6.3 | F71: 1066 | H71: 406
B72: T-MBQ4-03F | C72: 22012900003270 | E72: / | F72: 223 | H72: 85
A73: V8 Atom 大冷霸 Q4 Four-way cassette | B73: MI2-09Q4DHN18(At) | C73: CBO 22026012001122 | D73: Long-distance on/off function Long-distance alarm function X1X2, PQE, D1D2 Indoor temperature detection control Including remote controller RM12F1 Build-in drain pump | E73: 2.8 | F73: 821 | H73: 312 | I73: =H73+$H$85 -> 441
B74: MI2-12Q4DHN18(At) | C74: CBO 22026012001130 | E74: 3.6 | F74: 833 | H74: 317 | I74: =H74+$H$85 -> 446
B75: MI2-15Q4DHN18(At) | C75: CBO 22026012001124 | E75: 4.5 | F75: 912 | H75: 347 | I75: =H75+$H$85 -> 476
B76: MI2-18Q4DHN18(At) | C76: CBO 22026012001115 | E76: 5.6 | F76: 941 | H76: 358 | I76: =H76+$H$85 -> 487
B77: MI2-24Q4DHN18(At) | C77: CBO 22026012001132 | E77: 7.1 | F77: 958 | H77: 365 | I77: =H77+$H$85 -> 494
B78: MI2-28Q4DHN18(At) | C78: CBO 22026012001129 | E78: 8 | F78: 998 | H78: 380 | I78: =H78+$H$85 -> 509
B79: MI2-32Q4DHN18(At) | C79: CBO 22026012001123 | E79: 9 | F79: 1055 | H79: 401 | I79: =H79+$H$85 -> 530
B80: MI2-36Q4DHN18(At) | C80: CBO 22026012001128 | E80: 10 | F80: 1083 | H80: 412 | I80: =H80+$H$85 -> 541
B81: MI2-40Q4DHN18(At) | C81: CBO 22026012001133 | E81: 11.2 | F81: 1106 | H81: 421 | I81: =H81+$H$85 -> 550
B82: MI2-48Q4DHN18(At) | C82: CBO 22026012001121 | E82: 14 | F82: 1163 | H82: 442 | I82: =H82+$H$85 -> 571
B83: MI2-56Q4DHN18(At) | C83: CBO 22026012001277 | E83: 16 | F83: 1522 | H83: 579 | I83: =H83+$H$85 -> 708
B84: MI2-60Q4DHN18(At) | C84: CBO 22026012001275 | E84: 18 | F84: 1579 | H84: 601 | I84: =H84+$H$85 -> 730
B85: T-MBQ4-01F | C85: 22012900003290 | E85: / | F85: 337 | H85: 129
B86: T-MBQ4-02E1 | C86: 22012900003350 | E86: / | F86: 365 | H86: 139
A87: V8 Atom 风管机 T3/T2 Duct | B87: MI2-05T3DHN18(At) | C87: 22026011001887 | D87: Long-distance on/off function Long-distance alarm function X1X2, PQE, D1D2 Indoor temperature detection control Including remote controller WDC3-86S Build-in drain pump | E87: 1.5 | F87: 747 | H87: 284
B88: MI2-06T3DHN18(At) | C88: 22026011001878 | E88: 1.8 | F88: 770 | H88: 293
B89: MI2-07T3DHN18(At) | C89: 22026011001886 | E89: 2.2 | F89: 793 | H89: 302
B90: MI2-09T3DHN18(At) | C90: 22026011001879 | E90: 2.8 | F90: 816 | H90: 311
B91: MI2-12T3DHN18(At) | C91: 22026011001881 | E91: 3.6 | F91: 833 | H91: 317
B92: MI2-15T3DHN18(At) | C92: 22026011001885 | E92: 4.5 | F92: 855 | H92: 325
B93: MI2-18T3DHN18(At) | C93: 22026011001883 | E93: 5.6 | F93: 873 | H93: 332
B94: MI2-24T3DHN18(At) | C94: 22026011001882 | E94: 7.1 | F94: 987 | H94: 376
B95: MI2-28T2DHN18(At) | C95: 22026011001880 | E95: 8 | F95: 1192 | H95: 453
B96: MI2-32T2DHN18(At) | C96: 22026011001888 | E96: 9 | F96: 1220 | H96: 464
B97: MI2-40T2DHN18(At) | C97: 22026011001889 | E97: 11.2 | F97: 1260 | H97: 479
B98: MI2-42T2DHN18(At) | C98: 22026011001890 | E98: 12.5 | F98: 1346 | H98: 512
B99: MI2-48T2DHN18(At) | C99: 22026011001884 | E99: 14 | F99: 1334 | H99: 507
B100: MI2-56T2DHN18(At) | C100: CBO 22026011001511 | E100: 16 | F100: 2035 | H100: 774

Sheet Unitary
A1: Series | B1: Type | D1: MIDEA model | E1: Code | F1: Description of Goods | G1: Capacity (kw) | H1: Прайс Лист (розница) | I1: Цена со скидкой 62%
A2: Industrial floor standing indoor units | B2: Cooling&heating | C2: Side discharge | D2: MFSL-76HDN1 | E2: 22026014000375 | G2: 22 | H2: 3417 | I2: 1299
D3: MFSL-96HDN1 | E3: 22026014000385 | G3: 28 | H3: 3518 | I3: 1337
D4: MFSL-120HDN1 | E4: 22026014000367 | G4: 35 | H4: 3729 | I4: 1418
D5: MFSL-150HDN1 | E5: 22026014000370 | G5: 45 | H5: 4031 | I5: 1532
D6: MFSL-192HDN1 | E6: 22026014000382 | G6: 56 | H6: 5025 | I6: 1910
C7: Top discharge | D7: MFTL-76HDN1 | E7: 22026014000365 | G7: 22 | H7: 3347 | I7: 1272
D8: MFTL-96HDN1 | E8: 22026014000369 | G8: 28 | H8: 3528 | I8: 1341
D9: MFTL-120HDN1 | E9: 22026014000376 | G9: 35 | H9: 3654 | I9: 1389
D10: MFTL-150HDN1 | E10: 22026014000366 | G10: 45 | H10: 4593 | I10: 1746
D11: MFTL-192HDN1 | E11: 22026014000380 | G11: 56 | H11: 4915 | I11: 1868
A12: Quantum duct indoor units | C12: High static pressure duct | D12: MHG-28HAN1 | E12: 借22026011001641 | G12: 8 | H12: 1850 | I12: 703
D13: MHG-48HAN1 | E13: 借22026011001665 | G13: 14 | H13: 2382 | I13: 906
D14: MHG-68HAN1 | E14: 借22026011001698 | G14: 20 | H14: 4081 | I14: 1551
D15: MHG-76HAN1 | E15: 借22026011001699 | G15: 22 | H15: 4292 | I15: 1631
D16: MHG-96HAN1 | E16: 借22026011001707 | G16: 28 | H16: 4603 | I16: 1750
D17: MHG-120HAN1 | E17: 借22026011001679 | G17: 35 | H17: 5091 | I17: 1935
D18: MHG-140HAN1 | E18: 借22026011001706 | G18: 40 | H18: 6649 | I18: 2527
D19: MHG-150HAN1 | E19: 借22026011001705 | G19: 45 | H19: 6819 | I19: 2592
D20: MHG-192HAN1 | E20: 借22026011001681 | G20: 56 | H20: 7131 | I20: 2710
A21: Universal outdoor units | C21: Universal outdoor units | D21: MOUG-28HD1N1-R | E21: 借22027020002077 | G21: 8 | H21: 1995 | I21: 759
D22: MOUG-48HD1N1-R | E22: 借22027020002080 | G22: 14 | H22: 3106 | I22: 1181
D23: MOUG-68HD1N1-R | E23: 借22027020002050 | G23: 20 | H23: 6262 | I23: 2380
D24: MOUG-76HD1N1-R | E24: 借22027020002051 | G24: 22 | H24: 6503 | I24: 2472
D25: MOUG-96HD1N1-R | E25: 借22027020002053 | G25: 28 | H25: 8458 | I25: 3215
D26: MOUG-120HD1N1-R | E26: 借22027020002054 | G26: 35 | H26: 10010 | I26: 3804
D27: MOUG-140HD1N1-R | E27: 借22027020002569 | G27: 40 | H27: 11372 | I27: 4322
D28: MOUG-150HD1N1-R | E28: 借22027020002574 | G28: 45 | H28: 13965 | I28: 5307
D29: MOUG-192HD1N1-R | E29: 借22027020002570 | G29: 56 | H29: 16136 | I29: 6132
A30: Quantum duct indoor units CB certificate R410A | B30: Cooling&heating | C30: High static pressure duct | D30: MHL-68HDN1 | E30: 借22026011001838 | F30: 1.220-240V,1Ph,50/60Hz 2.standard with WDC3-86S controller | G30: 19.928828 | H30: 2739 | I30: 1041
D31: MHL-76HDN1 | E31: 借22026011001839 | G31: 22.273396 | H31: 2890 | I31: 1099
D32: MHL-96HDN1 | E32: 借22026011001840 | G32: 28.134816 | H32: 2930 | I32: 1114
D33: MHL-120HDN1 | E33: 借22026011001678 | G33: 35.16852 | H33: 3694 | I33: 1404
D34: MHL-150HDN1 | E34: 借22026011001703 | G34: 43.96065 | H34: 4855 | I34: 1845
D35: MHL-192HDN1 | E35: 借22026011001680 | G35: 56.269632 | H35: 5156 | I35: 1960
C36: Middle static pressure duct | D36: MTL-24HDN1 | E36: 借22026011001518 | G36: 7.033704 | H36: 1031 | I36: 392
D37: MTL-36HDN1 | E37: 借22026011001500 | G37: 10.550556 | H37: 1317 | I37: 501
D38: MTL-40HDN1 | E38: 借22026011001500 | G38: 11.72284 | H38: 1342 | I38: 510
D39: MTL-48HDN1 | E39: 借22026011001511 | G39: 14.067408 | H39: 1438 | I39: 547
A40: Universal outdoor units CB certificate R410A | B40: Cooling&heating | C40: Universal outdoor units | D40: MOUL-68HD1N1-G | E40: 借22027020002045 | F40: 380-415V 3N~50/60Hz | G40: 19.928828 | H40: 5870 | I40: 2231
D41: MOUL-76HD1N1-G | E41: 借22027020002046 | G41: 22.273396 | H41: 6191 | I41: 2353
D42: MOUL-96HD1N1-G | E42: 借22027020002048 | G42: 28.134816 | H42: 6277 | I42: 2386
D43: MOUL-120HD1N1-G | E43: 借22027020002049 | G43: 35.16852 | H43: 7824 | I43: 2974
D44: MOUL-150HD1N1-G | E44: 借22027020002589 | G44: 43.96065 | H44: 11327 | I44: 4305
D45: MOUL-192HD1N1-G | E45: 借22027020002585 | G45: 56.269632 | H45: 13729 | I45: 5218
D46: MOUL-250HD1N1-G | E46: 借22027020002590 | G46: 73.26775 | H46: 15271 | I46: 5803
A47: Universal outdoor units CB certificate R410A | B47: Cooling only | C47: Universal outdoor units | D47: MOUL-68CD1N1-R | E47: 借22027020001945 | F47: 380-415V 3N~50/60Hz | G47: 20 | H47: 4443 | I47: 1689
D48: MOUL-76CD1N1-R | E48: 借22027020001946 | G48: 22 | H48: 4669 | I48: 1775
D49: MOUL-96CD1N1-R | E49: 借22027020001925 | G49: 28 | H49: 4845 | I49: 1842
C51: MHL-96HDN1 / | D51: MOUL-96HD1N1-G | H51: 9206 | I51: 3500

Sheet FCU-Duct
H1: 0.38
A2: series | B2: type | C2: Midea model | D2: Capacity (CFM) | E2: BOM code | F2: Description of Goods | G2: Прайс Лист (розница) | H2: Цена со скидкой 62%
A3: Duct | B3: MK-CBS Duct of 3-Row (right connection) | C3: MKT3-200G12-CR | D3: 200 | E3: CBO 22026211000561 | F3: 1. 3-row coil, 12 pa; 2. Standard with air return plenum and fitler, air intake from rear 3. Two pipe fancoil | G3: 442 | H3: 168 | I3: =H3+$H$91 -> 225
C4: MKT3-300G12-CR | D4: 300 | E4: CBO 22026211000540 | G4: 481 | H4: 183 | I4: =H4+$H$91 -> 240
C5: MKT3-400G12-CR | D5: 400 | E5: CBO 22026211000564 | G5: 533 | H5: 203 | I5: =H5+$H$91 -> 260
C6: MKT3-500G12-CR | D6: 500 | E6: CBO 22026211000580 | G6: 579 | H6: 221 | I6: =H6+$H$91 -> 278
C7: MKT3-600G12-CR | D7: 600 | E7: CBO 22026211000560 | G7: 624 | H7: 238 | I7: =H7+$H$91 -> 295
C8: MKT3-700G12-CR | D8: 700 | E8: CBO 22026211000562 | G8: 774 | H8: 295 | I8: =H8+$H$91 -> 352
C9: MKT3-800G12-CR | D9: 800 | E9: CBO 22026211000542 | G9: 884 | H9: 336 | I9: =H9+$H$91 -> 393
C10: MKT3-1000G12-CR | D10: 1000 | E10: CBO 22026211000565 | G10: 930 | H10: 354 | I10: =H10+$H$91 -> 411
C11: MKT3-1200G12-CR | D11: 1200 | E11: CBO 22026211000566 | G11: 1008 | H11: 384 | I11: =H11+$H$91 -> 441
C12: MKT3-1400G12-CR | D12: 1400 | E12: CBO 22026211000563 | G12: 1118 | H12: 425 | I12: =H12+$H$91 -> 482
B13: MK-CBS Duct of 3-Row (right connection) | C13: MKT3-200G30-CR | D13: 200 | E13: 22026211000561 | F13: 1. 3-row coil, 30 pa; 2. Standard with air return plenum and fitler, air intake from rear 3. Two pipe fancoil | G13: 429 | H13: 164 | I13: =H13+$H$91 -> 221
C14: MKT3-300G30-CR | D14: 300 | E14: 22026211000540 | G14: 488 | H14: 186 | I14: =H14+$H$91 -> 243
C15: MKT3-400G30-CR | D15: 400 | E15: 22026211000564 | G15: 520 | H15: 198 | I15: =H15+$H$91 -> 255
C16: MKT3-500G30-CR | D16: 500 | E16: 22026211000580 | G16: 559 | H16: 213 | I16: =H16+$H$91 -> 270
C17: MKT3-600G30-CR | D17: 600 | E17: 22026211000560 | G17: 618 | H17: 235 | I17: =H17+$H$91 -> 292
C18: MKT3-700G30-CR | D18: 700 | E18: 22026211000562 | G18: 800 | H18: 304 | I18: =H18+$H$91 -> 361
C19: MKT3-800G30-CR | D19: 800 | E19: 22026211000542 | G19: 871 | H19: 331 | I19: =H19+$H$91 -> 388
C20: MKT3-1000G30-CR | D20: 1000 | E20: 22026211000565 | G20: 923 | H20: 351 | I20: =H20+$H$91 -> 408
C21: MKT3-1200G30-CR | D21: 1200 | E21: 22026211000566 | G21: 1027 | H21: 391 | I21: =H21+$H$91 -> 448
C22: MKT3-1400G30-CR | D22: 1400 | E22: 22026211000563 | G22: 1118 | H22: 425 | I22: =H22+$H$91 -> 482
B23: MK-CBS Duct of 3-Row (right connection) | C23: MKT3-200G50-CR | D23: 200 | E23: CBO 22026211000561 | F23: 1. 3-row coil, 50 pa; 2. Standard with air return plenum and fitler, air intake from rear 3. Two pipe fancoil | G23: 468 | H23: 178 | I23: =H23+$H$91 -> 235
C24: MKT3-300G50-CR | D24: 300 | E24: CBO 22026211000540 | G24: 533 | H24: 203 | I24: =H24+$H$91 -> 260
C25: MKT3-400G50-CR | D25: 400 | E25: CBO 22026211000564 | G25: 559 | H25: 213 | I25: =H25+$H$91 -> 270
C26: MKT3-500G50-CR | D26: 500 | E26: CBO 22026211000580 | G26: 605 | H26: 230 | I26: =H26+$H$91 -> 287
C27: MKT3-600G50-CR | D27: 600 | E27: CBO 22026211000560 | G27: 670 | H27: 255 | I27: =H27+$H$91 -> 312
C28: MKT3-700G50-CR | D28: 700 | E28: CBO 22026211000562 | G28: 832 | H28: 317 | I28: =H28+$H$91 -> 374
C29: MKT3-800G50-CR | D29: 800 | E29: CBO 22026211000542 | G29: 936 | H29: 356 | I29: =H29+$H$91 -> 413
C30: MKT3-1000G50-CR | D30: 1000 | E30: CBO 22026211000565 | G30: 995 | H30: 379 | I30: =H30+$H$91 -> 436
C31: MKT3-1200G50-CR | D31: 1200 | E31: CBO 22026211000566 | G31: 1118 | H31: 425 | I31: =H31+$H$91 -> 482
C32: MKT3-1400G50-CR | D32: 1400 | E32: CBO 22026211000563 | G32: 1203 | H32: 458 | I32: =H32+$H$91 -> 515
A33: HSP duct fancoil | B33: MDKT3H-G70(100) | C33: MKT3H-800G70 | D33: 800 | F33: 1. 3-row coil, 70~100 pa; 2. Brand new desgin; 3. Standard with air return plenum and fitler, air intake from rear 4. Two pipe fancoil; 5. Drain pan for heat exchanger standard; 6. Drain pan for for 3way valve is option | G33: 1105 | H33: 420
C34: MKT3H-1000G70 | D34: 1000 | G34: 1183 | H34: 450
C35: MKT3H-1200G70 | D35: 1200 | G35: 1235 | H35: 470
C36: MKT3H-1400G70 | D36: 1400 | G36: 1320 | H36: 502
C37: MKT3H-1600G100 | D37: 1600 | G37: 1651 | H37: 628
C38: MKT3H-1800G100 | D38: 1800 | G38: 1807 | H38: 687
C39: MKT3H-2200G100 | D39: 2200 | G39: 1937 | H39: 737
B40: MDKT3H-EG70(100) | C40: MKT3H-800EG70 | D40: 800 | F40: 1. 3-row coil, 70~100 pa; 2. Brand new desgin; 3. Standard with air return plenum and fitler, air intake from rear 4. Two pipe fancoil 5.With EAH | G40: 1378 | H40: 524
C41: MKT3H-1000EG70 | D41: 1000 | G41: 1463 | H41: 556
C42: MKT3H-1200EG70 | D42: 1200 | G42: 1489 | H42: 566
C43: MKT3H-1400EG70 | D43: 1400 | G43: 1586 | H43: 603
C44: MKT3H-1600EG100 | D44: 1600 | G44: 2184 | H44: 830
C45: MKT3H-1800EG100 | D45: 1800 | G45: 2210 | H45: 840
C46: MKT3H-2200EG100 | D46: 2200 | G46: 2334 | H46: 887
A47: New 4 rows duct | B47: 4-Row Duct 2-pipe | C47: MKT4-200G30-CR | D47: 200 | E47: 22026211000680 | F47: 4 row duct, 2-pipe, ESP 30Pa, AC fan • Right connection • plastic drain pan • Nylon filter(G1) • Standard with air return plenum and filter, air intake from rear (from below as option) | G47: 494 | H47: 188
C48: MKT4-300G30-CR | D48: 300 | E48: 22026211000683 | G48: 553 | H48: 211
C49: MKT4-400G30-CR | D49: 400 | E49: 22026211000686 | G49: 637 | H49: 243
C50: MKT4-500G30-CR | D50: 500 | E50: 22026211000685 | G50: 663 | H50: 252
C51: MKT4-600G30-CR | D51: 600 | E51: 22026211000684 | G51: 767 | H51: 292
C52: MKT4-700G30-CR | D52: 700 | E52: 22026211000689 | G52: 813 | H52: 309
C53: MKT4-800G30-CR | D53: 800 | E53: 22026211000687 | G53: 975 | H53: 371
C54: MKT4-1000G30-CR | D54: 1000 | E54: 22026211000681 | G54: 1034 | H54: 393
C55: MKT4-1200G30-CR | D55: 1200 | E55: 22026211000688 | G55: 1118 | H55: 425
C56: MKT4-1400G30-CR | D56: 1400 | E56: 22026211000682 | G56: 1170 | H56: 445
C57: MKT4-200G50-CR | D57: 200 | E57: 22026211000680 | F57: 4 row duct, 2-pipe, ESP 50Pa, AC fan • Right connection • plastic drain pan • Nylon filter(G1) • Standard with air return plenum and filter, air intake from rear (from below as option) | G57: 501 | H57: 191
C58: MKT4-300G50-CR | D58: 300 | E58: 22026211000683 | G58: 572 | H58: 218
C59: MKT4-400G50-CR | D59: 400 | E59: 22026211000686 | G59: 657 | H59: 250
C60: MKT4-500G50-CR | D60: 500 | E60: 22026211000685 | G60: 663 | H60: 252
C61: MKT4-600G50-CR | D61: 600 | E61: 22026211000684 | G61: 774 | H61: 295
C62: MKT4-700G50-CR | D62: 700 | E62: 22026211000689 | G62: 826 | H62: 314
C63: MKT4-800G50-CR | D63: 800 | E63: 22026211000687 | G63: 975 | H63: 371
C64: MKT4-1000G50-CR | D64: 1000 | E64: 22026211000681 | G64: 1047 | H64: 398
C65: MKT4-1200G50-CR | D65: 1200 | E65: 22026211000688 | G65: 1125 | H65: 428
C66: MKT4-1400G50-CR | D66: 1400 | E66: 22026211000682 | G66: 1203 | H66: 458
B67: 4-Row Duct 4-pipe | C67: MKT4-200FG30-CR | D67: 200 | E67: 22026211000661 | F67: 4 row duct, 4-pipe, ESP 30Pa, AC fan • Right connection • plastic drain pan • Nylon filter(G1) • Standard with air return plenum and filter, air intake from rear (from below as option) | G67: 507 | H67: 193 | I67: =H67+$H$89 -> 263
C68: MKT4-300FG30-CR | D68: 300 | E68: 22026211000662 | G68: 592 | H68: 225 | I68: =H68+$H$89 -> 295
C69: MKT4-400FG30-CR | D69: 400 | E69: 22026211000667 | G69: 650 | H69: 247 | I69: =H69+$H$89 -> 317
C70: MKT4-500FG30-CR | D70: 500 | E70: 22026211000660 | G70: 683 | H70: 260 | I70: =H70+$H$89 -> 330
C71: MKT4-600FG30-CR | D71: 600 | E71: 22026211000668 | G71: 728 | H71: 277 | I71: =H71+$H$89 -> 347
C72: MKT4-700FG30-CR | D72: 700 | E72: 22026211000669 | G72: 839 | H72: 319 | I72: =H72+$H$89 -> 389
C73: MKT4-800FG30-CR | D73: 800 | E73: 22026211000666 | G73: 1001 | H73: 381 | I73: =H73+$H$89 -> 451
C74: MKT4-1000FG30-CR | D74: 1000 | E74: 22026211000663 | G74: 1079 | H74: 411 | I74: =H74+$H$89 -> 481
C75: MKT4-1200FG30-CR | D75: 1200 | E75: 22026211000665 | G75: 1222 | H75: 465 | I75: =H75+$H$89 -> 535
C76: MKT4-1400FG30-CR | D76: 1400 | E76: 22026211000664 | G76: 1320 | H76: 502 | I76: =H76+$H$89 -> 572
C77: MKT4-200FG50-CR | D77: 200 | E77: 22026211000661 | F77: 4 row duct, 4-pipe, ESP 50Pa, AC fan • Right connection • plastic drain pan • Nylon filter(G1) • Standard with air return plenum and filter, air intake from rear (from below as option) | G77: 514 | H77: 196 | I77: =H77+$H$89 -> 266
C78: MKT4-300FG50-CR | D78: 300 | E78: 22026211000662 | G78: 605 | H78: 230 | I78: =H78+$H$89 -> 300
C79: MKT4-400FG50-CR | D79: 400 | E79: 22026211000667 | G79: 663 | H79: 252 | I79: =H79+$H$89 -> 322
C80: MKT4-500FG50-CR | D80: 500 | E80: 22026211000660 | G80: 683 | H80: 260 | I80: =H80+$H$89 -> 330
C81: MKT4-600FG50-CR | D81: 600 | E81: 22026211000668 | G81: 735 | H81: 280 | I81: =H81+$H$89 -> 350
C82: MKT4-700FG50-CR | D82: 700 | E82: 22026211000669 | G82: 852 | H82: 324 | I82: =H82+$H$89 -> 394
C83: MKT4-800FG50-CR | D83: 800 | E83: 22026211000666 | G83: 1008 | H83: 384 | I83: =H83+$H$89 -> 454
C84: MKT4-1000FG50-CR | D84: 1000 | E84: 22026211000663 | G84: 1086 | H84: 413 | I84: =H84+$H$89 -> 483
C85: MKT4-1200FG50-CR | D85: 1200 | E85: 22026211000665 | G85: 1229 | H85: 468 | I85: =H85+$H$89 -> 538
C86: MKT4-1400FG50-CR | D86: 1400 | E86: 22026211000664 | G86: 1346 | H86: 512 | I86: =H86+$H$89 -> 582
A87: Thermostat | C87: KJRP-86A4/BMFNKD-E | E87: 17317100005098 | F87: Gray color | G87: 182 | H87: 70
C88: KJRP-86A5/BMFNKD-E | E88: 17317100005102 | F88: Golden color | G88: 182 | H88: 70
C89: KJRP-86A/BMFNKD-E | E89: 17317100004816 | F89: White color | G89: 182 | H89: 70
C90: KJRP-86I/MFK-E | E90: 17317100004855 | F90: Electronic thermostat: 1. Timer function 2. one button for ECO mode 3. Accuracy 0.5 ° 4. Child lock 5. Error code display 6. Auto restart | G90: 137 | H90: 53
C91: KJRP-86I/MFKS-E | E91: 17317100005755 | F91: Electronic thermostat: 1. Timer function 2. one button for ECO mode 3. Accuracy 0.5 ° 4. Child lock 5. Error code display 6. Auto restart 7. Three-wire valve function 8. Compatible with electri auxiliary heater models 9. Compatible with 2 pipe and 4 pipe models | G91: 150 | H91: 57

Sheet FCU-other
I1: 0.38
A2: series | B2: MIDEA model | C2: Code | D2: Capacity (CFM) | E2: Description of Goods | F2: Photo | G2: Прайс Лист (розница) | I2: Цена со скидкой 62%
A3: New appearance Ceiling floor | B3: MKH1-150-R3 | C3: 22026214000107 | D3: 150 | E3: 1. two pipe fancoil; 2. air intake from front; 3. casing with grills on intake and outlet side; 4. drain pan for heat exchanger is standard (drain pan for 3 way valve is option) 5. Flexible installation | G3: 709 | I3: 270
B4: MKH1-250-R3 | C4: 22026214000109 | D4: 250 | G4: 761 | I4: 290
B5: MKH1-350-R3 | C5: 22026214000110 | D5: 300 | G5: 884 | I5: 336
B6: MKH1-500-R3 | C6: 22026214000116 | D6: 500 | G6: 988 | I6: 376
B7: MKH1-700-R3 | C7: 22026214000115 | D7: 700 | G7: 1066 | I7: 406
B8: MKH1-800-R3 | C8: 22026214000117 | D8: 800 | G8: 1177 | I8: 448
B9: MKH1-150-R4 | C9: 22026214000108 | D9: 150 | G9: 722 | I9: 275
B10: MKH1-250-R4 | C10: 22026214000111 | D10: 250 | G10: 800 | I10: 304
B11: MKH1-350-R4 | C11: 22026214000112 | D11: 300 | G11: 923 | I11: 351
B12: MKH1-500-R4 | C12: 22026214000114 | D12: 500 | G12: 1008 | I12: 384
B13: MKH1-700-R4 | C13: 22026214000113 | D13: 700 | G13: 1131 | I13: 430
B14: MKH1-800-R4 | C14: 22026214000118 | D14: 800 | G14: 1242 | I14: 472
A15: New appearance Ceiling floor | B15: MKH2-150-R3 | C15: 22026214000107 | D15: 150 | E15: 1. two pipe fancoil; 2. air intake from rear; 3. casing with grills on intake and outlet side; 4. drain pan for heat exchanger is standard (drain pan for 3 way valve is option) 5. Flexible installation | G15: 709 | I15: 270
B16: MKH2-250-R3 | C16: 22026214000109 | D16: 250 | G16: 761 | I16: 290
B17: MKH2-350-R3 | C17: 22026214000110 | D17: 350 | G17: 884 | I17: 336
B18: MKH2-500-R3 | C18: 22026214000116 | D18: 500 | G18: 988 | I18: 376
B19: MKH2-700-R3 | C19: 22026214000115 | D19: 700 | G19: 1066 | I19: 406
B20: MKH2-800-R3 | C20: 22026214000117 | D20: 800 | G20: 1177 | I20: 448
B21: MKH2-150-R4 | C21: 22026214000108 | D21: 150 | G21: 722 | I21: 275 | J21: =I21+$I$40+53 -> 346
B22: MKH2-250-R4 | C22: 22026214000111 | D22: 250 | G22: 800 | I22: 304 | J22: =I22+$I$40+53 -> 375
B23: MKH2-350-R4 | C23: 22026214000112 | D23: 350 | G23: 923 | I23: 351 | J23: =I23+$I$40+53 -> 422
B24: MKH2-500-R4 | C24: 22026214000114 | D24: 500 | G24: 1008 | I24: 384 | J24: =I24+$I$40+53 -> 455
B25: MKH2-700-R4 | C25: 22026214000113 | D25: 700 | G25: 1131 | I25: 430 | J25: =I25+$I$40+53 -> 501
B26: MKH2-800-R4 | C26: 22026214000118 | D26: 800 | G26: 1242 | I26: 472 | J26: =I26+$I$40+53 -> 543
B27: / | C27: 12126200000334 | E27: A pair of Supporting bar | G27: 46 | I27: 18
A28: New appearance Ceiling floor | B28: MKH2-150-R3 (A) | C28: 22026214000107 | D28: 150 | E28: 1. two pipe fancoil; 2. air intake from rear; 3. casing with grills on intake and outlet side; 4. drain pan for heat exchanger is standard (drain pan for 3 way valve is option) 5. Flexible installation 6. With built-in controller KJRP-86I/MFK-E | G28: 806 | I28: 307
B29: MKH2-250-R3 (A) | C29: 22026214000109 | D29: 250 | G29: 858 | I29: 327
B30: MKH2-350-R3 (A) | C30: 22026214000110 | D30: 350 | G30: 982 | I30: 374
B31: MKH2-500-R3 (A) | C31: 22026214000116 | D31: 500 | G31: 1086 | I31: 413
B32: MKH2-700-R3 (A) | C32: 22026214000115 | D32: 700 | G32: 1164 | I32: 443
B33: MKH2-800-R3 (A) | C33: 22026214000117 | D33: 800 | G33: 1274 | I33: 485
B34: MKH2-150-R4 (A) | C34: 22026214000108 | D34: 150 | G34: 813 | I34: 309 | J34: =I34+$I$40+53 -> 380
B35: MKH2-250-R4 (A) | C35: 22026214000111 | D35: 250 | G35: 891 | I35: 339 | J35: =I35+$I$40+53 -> 410
B36: MKH2-350-R4 (A) | C36: 22026214000112 | D36: 350 | G36: 1021 | I36: 388 | J36: =I36+$I$40+53 -> 459
B37: MKH2-500-R4 (A) | C37: 22026214000114 | D37: 500 | G37: 1099 | I37: 418 | J37: =I37+$I$40+53 -> 489
B38: MKH2-700-R4 (A) | C38: 22026214000113 | D38: 700 | G38: 1229 | I38: 468 | J38: =I38+$I$40+53 -> 539
B39: MKH2-800-R4 (A) | C39: 22026214000118 | D39: 800 | G39: 1339 | I39: 509 | J39: =I39+$I$40+53 -> 580
B40: 12126200000334 | C40: 12126200000334 | E40: A pair of Supporting bar | G40: 46 | I40: 18
A41: New appearance Ceiling floor | B41: MKH3-150-R3 | C41: 22026214000107 | D41: 150 | E41: 1. two pipe fancoil; 2. air intake from rear; 3. drain pan for heat exchanger is standard (drain pan for 3 way valve is option) 4. Flexible installation | G41: 676 | I41: 257
B42: MKH3-250-R3 | C42: 22026214000109 | D42: 250 | G42: 722 | I42: 275
B43: MKH3-350-R3 | C43: 22026214000110 | D43: 350 | G43: 852 | I43: 324
B44: MKH3-500-R3 | C44: 22026214000116 | D44: 500 | G44: 943 | I44: 359
B45: MKH3-700-R3 | C45: 22026214000115 | D45: 700 | G45: 1021 | I45: 388
B46: MKH3-800-R3 | C46: 22026214000117 | D46: 800 | G46: 1131 | I46: 430
B47: MKH3-150-R4 | C47: 22026214000108 | D47: 150 | G47: 689 | I47: 262
B48: MKH3-250-R4 | C48: 22026214000111 | D48: 250 | G48: 761 | I48: 290
B49: MKH3-350-R4 | C49: 22026214000112 | D49: 350 | G49: 884 | I49: 336
B50: MKH3-500-R4 | C50: 22026214000114 | D50: 500 | G50: 969 | I50: 369
B51: MKH3-700-R4 | C51: 22026214000113 | D51: 700 | G51: 1073 | I51: 408
B52: MKH3-800-R4 | C52: 22026214000118 | D52: 800 | G52: 1196 | I52: 455
A53: Additional drain pan for MDKH1 / MDKH2 / MDKH3 (for all models) | B53: 12123000001687 | C53: 12123000001687 | E53: Additional drain pan for MDKH 150-700R3/R4 (2 pcs per set) | G53: 78 | I53: 30
B54: 12123000001685 | C54: 12123000001685 | E54: Additional drain pan for MDKH 800R3/R5 (2 pcs per set) | G54: 1144 | I54: 435

Sheet FCUCassette
A1: series | B1: type | C1: MIDEA MODE | E1: Capacity (CFM) | F1: Description of Goods | I1: 0.38
D2: code | G2: Прайс Лист (розница) | I2: Цена со скидкой 62%
A3: AC Cassette Fancoil | B3: MDKD | C3: MKD-300 | D3: 22026212000006 | E3: 300 | F3: 1. Compact Four way cassette type 2. Two pipe fancoil 3. RM12 as standard 4.Build-in drain pump with 500mm head 5. Customized XYE and PQE port to connected to central controller and ModBus gateway as standard | G3: 1027 | I3: 391 | J3: =+I3+$I$7+$I$9 -> 466
C4: MKD-400 | D4: 22026212000012 | E4: 400 | G4: 1112 | I4: 423 | J4: =+I4+$I$7+$I$9 -> 498
C5: MKD-450 | D5: 22026212000012 | E5: 450 | G5: 1112 | I5: 423 | J5: =+I5+$I$7+$I$9 -> 498
C6: MKD-500 | D6: 22026212000027 | E6: 500 | G6: 1209 | I6: 460 | J6: =+I6+$I$7+$I$9 -> 535
C7: T-MBQ4-03B | D7: 12112900000382 | F7: Panel for compact cassette | G7: 143 | I7: 55
C8: 12126200000215 | F8: compact FCU drain pan for 3 way valve for MDKD- | G8: 26 | I8: 10
C9: 12126200000216 | F9: common FCU drain pan for 3 way valve for MDKA- | G9: 52 | I9: 20
B10: MDKA-R | C10: MKA-600R | D10: 22026212000028 | E10: 600 | F10: 1. Common Four way cassette type 2. Two pipe fancoil 3. RM12 as standard 4. Drain pan 5.Build-in drain pump with 750mm head 6.Customized XYE and PQE port to connected to central controller and ModBus gateway as standard | G10: 1177 | I10: 448 | J10: =I10+$I$16 -> 557
C11: MKA-750R | D11: 22026212000004 | E11: 750 | G11: 1216 | I11: 463 | J11: =I11+$I$16 -> 572
C12: MKA-850R | D12: 22026212000053 | E12: 850 | G12: 1463 | I12: 556 | J12: =I12+$I$16 -> 665
C13: MKA-950R | D13: 22026212000023 | E13: 950 | G13: 1508 | I13: 574 | J13: =I13+$I$16 -> 683
C14: MKA-1200R | D14: 22026212000034 | E14: 1200 | G14: 1560 | I14: 593 | J14: =I14+$I$16 -> 702
C15: MKA-1500R | D15: 22026212000034 | E15: 1400 | G15: 1560 | I15: 593 | J15: =I15+$I$16 -> 702
C16: T-MBQ4-02C | D16: 12112900000322 | F16: Panel for common cassette | G16: 286 | I16: 109
B17: MDKC-R-B | C17: MKC-300R-B | E17: 300 | F17: 1. 2nd generation one-way cassette 2.Brand new design with ultrathin frame; 3.New panel; 4.RM12 as standard 5.Build-in drain pump with 750mm head | G17: 1060 | I17: 403
C18: MKC-400R-B | E18: 400 | G18: 1092 | I18: 415
C19: MKC-V600R-B | E19: 600 | G19: 1404 | I19: 534
C20: MBQ1-02D | D20: 12112900000376 | F20: Panel for one-way cassette(300/400) | G20: 221 | I20: 84
C21: MBQ1-01D | D21: 22012900000410 | F21: Panel for one-way cassette(600) | G21: 384 | I21: 146
A22: AC Cassette Fancoil | B22: MDKD-S | C22: MKD-300S | D22: 22026212000059 | E22: 300 | F22: 1. Compact Four way cassette type 2. Four pipe fancoil; 3. RM12 as standard 4.Build-in drain pump with 500mm head 5. Customized XYE and PQE port to connected to central controller and ModBus gateway as standard | G22: 1170 | I22: 445 | J22: =I22+$I$26+$I$27 -> 510
C23: MKD-400S | D23: 22026212000055 | E23: 400 | G23: 1248 | I23: 475 | J23: =I23+$I$26+$I$27 -> 540
C24: MKD-450S | E24: 450 | G24: 1248 | I24: 475 | J24: =I24+$I$26+$I$27 -> 540
C25: MKD-500S | D25: 22026212000008 | E25: 500 | G25: 1339 | I25: 509 | J25: =I25+$I$26+$I$27 -> 574
C26: T-MBQ4-03B | D26: 12112900000382 | F26: Panel for compact cassette | G26: 143 | I26: 55
C27: 12126200000215 | F27: FCU drain pan | G27: 26 | I27: 10
B28: MDKA-F | C28: MKA-600F | D28: 22026212000031 | E28: 600 | F28: 1. Common Four way cassette type 2. Four pipe fancoil; 3. RM12 as standard 4. Drain pan 5.Build-in drain pump with 750mm head 5. Customized XYE and PQE port to connected to central controller and ModBus gateway as standard | G28: 1437 | I28: 547 | J28: =+I28+$I$34 -> 656
C29: MKA-750F | D29: 22026212000041 | E29: 750 | G29: 1632 | I29: 621 | J29: =+I29+$I$34 -> 730
C30: MKA-850F | D30: 22026212000009 | E30: 850 | G30: 1749 | I30: 665 | J30: =+I30+$I$34 -> 774
C31: MKA-950F | D31: 22026212000003 | E31: 950 | G31: 1820 | I31: 692 | J31: =+I31+$I$34 -> 801
C32: MKA-1200F | D32: 22026212000037 | E32: 1200 | G32: 1957 | I32: 744 | J32: =+I32+$I$34 -> 853
C33: MKA-1500F | D33: 22026212000001 | E33: 1400 | G33: 2054 | I33: 781 | J33: =+I33+$I$34 -> 890
C34: T-MBQ4-02C | D34: 12112900000322 | F34: Panel for common cassette | G34: 286 | I34: 109

Sheet DC 2-4-Pipe FCU
A1: series | B1: type | C1: Midea model | D1: Factory code | E1: Capacity (CFM) | F1: Description of Goods | I1: 0.38
G2: Прайс Лист (розница) | I2: Цена со скидкой 62%
A3: Cassette | B3: Compact Four-way cassette | C3: MKD-V300 | D3: 22026212000026 | E3: 300 | F3: 1. Compact Four way cassette type 2. Two pipe fancoil; 3.Build-in drain pump with 500mm head 4.RM 12 standard 5. Customized XYE and PQE port to connected to central controller and ModBus gateway | G3: 995 | I3: 379
C4: MKD-V400 | D4: 22026212000021 | E4: 400 | G4: 1066 | I4: 406
C5: MKD-V500 | D5: 22026212000054 | E5: 500 | G5: 1164 | I5: 443
C6: T-MBQ4-03B | F6: Panel for compact cassette | G6: 143 | I6: 55
C7: 12126200000215 | D7: 12126200000215 | F7: FCU drain pan | G7: 26 | I7: 10
B8: Four-way cassette | C8: MKA-V600R | D8: 22026212000022 | E8: 600 | F8: 1. Common Four way cassette type 2. Two pipe fancoil; 4. Drain pan 5.Build-in drain pump with 750mm head 6.RM 12 standard 7. Customized XYE and PQE port to connected to central controller and ModBus gateway | G8: 1138 | I8: 433
C9: MKA-V750R | D9: 22026212000016 | E9: 750 | G9: 1209 | I9: 460
C10: MKA-V850R | D10: 22026212000047 | E10: 850 | G10: 1333 | I10: 507
C11: MKA-V950R | D11: 22026212000056 | E11: 950 | G11: 1417 | I11: 539
C12: MKA-V1200R | D12: 22026212000032 | E12: 1200 | G12: 1476 | I12: 561
C13: MKA-V1500R | D13: 22026212000025 | E13: 1500 | G13: 1554 | I13: 591
C14: T-MBQ4-02C | D14: 12112900000322 | F14: Panel for common cassette | G14: 286 | I14: 109
B15: One-way cassette | C15: MKC-V300R-B | D15: 22026212000073 | E15: 300 | F15: 1. one-way cassette 2.Brand new design with ultrathin frame; 3. Drain pan 4.Build-in drain pump with 750mm head 5.RM 12 standard 6. Customized XYE and PQE port to connected to central controller and ModBus gateway | G15: 1073 | I15: 408
C16: MKC-V400R-B | D16: 22026212000072 | E16: 400 | G16: 1274 | I16: 485
C17: MKC-V600R-B | D17: 22026212000071 | E17: 600 | G17: 1378 | I17: 524
C18: MBQ1-02D | D18: 12112900000376 | F18: Panel for one-way cassette(300/400) | G18: 221 | I18: 84
C19: MBQ1-01D | D19: 22012900000410 | F19: Panel for one-way cassette(600) | G19: 384 | I19: 146
C20: MKG-V200C | D20: 22026213000016 | E20: 200 | G20: 1066 | I20: 406
B21: A panel | C21: MKG-V250C | D21: 22026213000016 | E21: 250 | F21: 1. new panel 2. Integral 3-way valve 3. Two pipe fancoil 4. RM 12 standard 5. Customized XYE and PQE port to connected to central controller and ModBus gateway | G21: 1131 | I21: 430
C22: MKG-V300C | D22: 22026213000017 | E22: 300 | G22: 1164 | I22: 443
C23: MKG-V400C | D23: 22026213000018 | E23: 400 | G23: 1203 | I23: 458
C24: MKG-V500C | D24: 22026213000019 | E24: 500 | G24: 1294 | I24: 492
C25: MKG-V600C | D25: 22026213000020 | E25: 600 | G25: 1320 | I25: 502
A26: New Ceiling &Floor | B26: 3-row | C26: MKH1-V150-R3 | D26: 借22026214000069 | E26: 150 | F26: 1. DC fan motor 2. 7 fan speed control 3. 200mm thickness 4. Flexible installation; 5. Build-in drain pan for heat exchanger 6. Customized XYE and PQE port to connected to central controller and ModBus gateway | G26: 930 | I26: 354
C27: MKH1-V250-R3 | D27: 借22026214000077 | E27: 250 | G27: 1021 | I27: 388
C28: MKH1-V350-R3 | D28: 借22026214000068 | E28: 300 | G28: 1118 | I28: 425
C29: MKH1-V500-R3 | D29: 借22026214000075 | E29: 500 | G29: 1177 | I29: 448
C30: MKH1-V700-R3 | D30: 借22026214000088 | E30: 700 | G30: 1268 | I30: 482
C31: MKH1-V800-R3 | D31: 借22026214000074 | E31: 800 | G31: 1430 | I31: 544
B32: 4-row | C32: MKH1-V150-R4 | D32: 借22026214000073 | E32: 150 | G32: 956 | I32: 364
C33: MKH1-V250-R4 | D33: 借22026214000078 | E33: 250 | G33: 1060 | I33: 403
C34: MKH1-V350-R4 | D34: 借22026214000076 | E34: 300 | G34: 1170 | I34: 445
C35: MKH1-V500-R4 | D35: 借22026214000070 | E35: 500 | G35: 1248 | I35: 475
C36: MKH1-V700-R4 | D36: 借22026214000087 | E36: 700 | G36: 1333 | I36: 507
C37: MKH1-V800-R4 | D37: 借22026214000067 | E37: 800 | G37: 1521 | I37: 578
B38: 3-row | C38: MKH2-V150-R3 | D38: 22026214000069 | E38: 150 | F38: 1. DC fan motor 2. 7 fan speed control 3. 200mm thickness 4. Flexible installation 5. Build-in drain pan for heat exchanger 6. Customized XYE and PQE port to connected to central controller and ModBus gateway | G38: 930 | I38: 354
C39: MKH2-V250-R3 | D39: 22026214000077 | E39: 250 | G39: 1021 | I39: 388
C40: MKH2-V350-R3 | D40: 22026214000068 | E40: 300 | G40: 1118 | I40: 425
C41: MKH2-V500-R3 | D41: 22026214000075 | E41: 500 | G41: 1177 | I41: 448
C42: MKH2-V700-R3 | D42: 22026214000088 | E42: 700 | G42: 1268 | I42: 482
C43: MKH2-V800-R3 | D43: 22026214000074 | E43: 800 | G43: 1430 | I43: 544
B44: 4-row | C44: MKH2-V150-R4 | D44: 22026214000073 | E44: 150 | G44: 956 | I44: 364 | J44: =+I44+'FCU-other'!$I$27+57 -> 439
C45: MKH2-V250-R4 | D45: 22026214000078 | E45: 250 | G45: 1060 | I45: 403 | J45: =+I45+'FCU-other'!$I$27+57 -> 478
C46: MKH2-V350-R4 | D46: 22026214000076 | E46: 300 | G46: 1170 | I46: 445 | J46: =+I46+'FCU-other'!$I$27+57 -> 520
C47: MKH2-V500-R4 | D47: 22026214000070 | E47: 500 | G47: 1248 | I47: 475 | J47: =+I47+'FCU-other'!$I$27+57 -> 550
C48: MKH2-V700-R4 | D48: 22026214000087 | E48: 700 | G48: 1333 | I48: 507 | J48: =+I48+'FCU-other'!$I$27+57 -> 582
C49: MKH2-V800-R4 | D49: 22026214000067 | E49: 800 | G49: 1521 | I49: 578 | J49: =+I49+'FCU-other'!$I$27+57 -> 653
B50: 3-row | C50: MKH3-V150-R3 | D50: 借22026214000069 | E50: 150 | F50: 1. DC fan motor 2. 7 fan speed control 3. 200mm thickness 4. Flexible installation 5. Build-in drain pan for heat exchanger 6. Customized XYE and PQE port to connected to central controller and ModBus gateway | G50: 858 | I50: 327
C51: MKH3-V250-R3 | D51: 借22026214000077 | E51: 250 | G51: 943 | I51: 359
C52: MKH3-V350-R3 | D52: 借22026214000068 | E52: 300 | G52: 1047 | I52: 398
C53: MKH3-V500-R3 | D53: 借22026214000075 | E53: 500 | G53: 1112 | I53: 423
C54: MKH3-V700-R3 | D54: 借22026214000088 | E54: 700 | G54: 1196 | I54: 455
C55: MKH3-V800-R3 | D55: 借22026214000074 | E55: 800 | G55: 1378 | I55: 524
B56: 4-row | C56: MKH3-V150-R4 | D56: 借22026214000073 | E56: 150 | G56: 897 | I56: 341
C57: MKH3-V250-R4 | D57: 借22026214000078 | E57: 250 | G57: 988 | I57: 376
C58: MKH3-V350-R4 | D58: 借22026214000076 | E58: 300 | G58: 1092 | I58: 415
C59: MKH3-V500-R4 | D59: 借22026214000070 | E59: 500 | G59: 1196 | I59: 455
C60: MKH3-V700-R4 | D60: 借22026214000087 | E60: 700 | G60: 1287 | I60: 490
C61: MKH3-V800-R4 | D61: 借22026214000067 | E61: 800 | G61: 1482 | I61: 564
A62: Duct | B62: DC CBS 3-row duct default value of ESP is 12Pa, and 30/50 Pa can be adjust by dial switch | C62: MKT3-V200G12-CR | D62: 22026211000620 | E62: 200 | F62: 1. Remote on/off (CN55) 2. Drain pump with sensor (CN190+CN5) not available 3. Connecting to gateways (PQE, XYE,CN99) 4. Drain pan standard RIGHT CONNETCTION | G62: 793 | I62: 302
C63: MKT3-V300G12-CR | D63: 22026211000626 | E63: 300 | G63: 891 | I63: 339
C64: MKT3-V400G12-CR | D64: 22026211000627 | E64: 400 | G64: 936 | I64: 356
C65: MKT3-V500G12-CR | D65: 22026211000623 | E65: 500 | G65: 969 | I65: 369
C66: MKT3-V600G12-CR | D66: 22026211000625 | E66: 600 | G66: 1008 | I66: 384
C67: MKT3-V700G12-CR | D67: 22026211000624 | E67: 700 | G67: 1242 | I67: 472
C68: MKT3-V800G12-CR | D68: 22026211000621 | E68: 800 | G68: 1450 | I68: 551
C69: MKT3-V1000G12-CR | D69: 22026211000622 | E69: 1000 | G69: 1502 | I69: 571
C70: MKT3-V1200G12-CR | D70: 22026211000628 | E70: 1200 | G70: 1677 | I70: 638
C71: MKT3-V1400G12-CR | D71: 22026211000629 | E71: 1400 | G71: 1872 | I71: 712
A72: Cassette | B72: Compact Four-way cassette | C72: MKD-V300FA | D72: 22026212000011 | E72: 300 | F72: 1. Compact Four way cassette type 2. Four pipe fancoil; 3.Build-in drain pump with 500mm head 4.RM 12 standard 5. Customized XYE and PQE port to connected to central controller and ModBus gateway | G72: 1099 | I72: 418
C73: MKD-V400FA | D73: 22026212000048 | E73: 400 | G73: 1183 | I73: 450
C74: MKD-V500FA | D74: 22026212000042 | E74: 500 | G74: 1268 | I74: 482
C75: T-MBQ4-03B | D75: 12112900000382 | F75: Panel for compact cassette | G75: 143 | I75: 55
C76: 12126200000215 | D76: 12126200000215 | F76: FCU drain pan | G76: 26 | I76: 10
B77: Four-way cassette | C77: MKA-V600FA | D77: 22026212000005 | E77: 600 | F77: 1. Common Four way cassette type 2. Four pipe fancoil; 4. Drain pan 5.Build-in drain pump with 750mm head 6.RM 12 standard 7. Customized XYE and PQE port to connected to central controller and ModBus gateway | G77: 1352 | I77: 514
C78: MKA-V750FA | D78: 22026212000060 | E78: 750 | G78: 1541 | I78: 586
C79: MKA-V850FA | D79: 22026212000029 | E79: 850 | G79: 1658 | I79: 631
C80: MKA-V950FA | D80: 22026212000019 | E80: 950 | G80: 1729 | I80: 658
C81: MKA-V1200FA | D81: 22026212000058 | E81: 1200 | G81: 1859 | I81: 707
C82: MKA-V1500FA | D82: 22026212000062 | E82: 1500 | G82: 1944 | I82: 739
C83: T-MBQ4-02C | D83: 12112900000322 | F83: Panel for common cassette | G83: 286 | I83: 109
A84: Duct | B84: 4 rows customized | C84: MKT4-V200FG30-CR | D84: 22026211000661 | E84: 200 | F84: Right connection | G84: 793 | I84: 302
C85: MKT4-V300FG30-CR | D85: 22026211000662 | E85: 300 | G85: 871 | I85: 331
C86: MKT4-V400FG30-CR | D86: 22026211000667 | E86: 400 | G86: 930 | I86: 354
C87: MKT4-V500FG30-CR | D87: 22026211000660 | E87: 500 | G87: 962 | I87: 366
C88: MKT4-V600FG30-CR | D88: 22026211000668 | E88: 600 | G88: 1001 | I88: 381
C89: MKT4-V700FG30-CR | D89: 22026211000669 | E89: 700 | G89: 1196 | I89: 455
C90: MKT4-V800FG30-CR | D90: 22026211000666 | E90: 800 | G90: 1482 | I90: 564
C91: MKT4-V1000FG30-CR | D91: 22026211000663 | E91: 1000 | G91: 1521 | I91: 578
C92: MKT4-V1200FG30-CR | D92: 22026211000665 | E92: 1200 | G92: 1703 | I92: 648
C93: MKT4-V1400FG30-CR | D93: 22026211000664 | E93: 1400 | G93: 1872 | I93: 712
A94: Ceiling&Floor | B94: 4-row | C94: MKH1-V150F-R4 | D94: 借22026215000086 | E94: 150 | F94: 1. DC fan motor 2. 7 fan speed control 3. 200mm thickness 4. Flexible installation 5.Four pipe fancoil; 5. Build-in drain pan for heat exchanger 6. Customized XYE and PQE port to connected to central controller and ModBus gateway | G94: 1008 | I94: 384
C95: MKH1-V250F-R4 | D95: 借22026215000087 | E95: 250 | G95: 1131 | I95: 430
C96: MKH1-V350F-R4 | D96: 借22026215000088 | E96: 350 | G96: 1235 | I96: 470
C97: MKH1-V500F-R4 | D97: 借22026215000089 | E97: 500 | G97: 1268 | I97: 482
C98: MKH1-V700F-R4 | D98: 借22026215000090 | E98: 700 | G98: 1430 | I98: 544
C99: MKH1-V800F-R4 | D99: 借22026215000091 | E99: 800 | G99: 1619 | I99: 616
A100: Ceiling&Floor | B100: 4-row | C100: MKH2-V150F-R4 | D100: 借22026215000086定制 可参考L2020011800002 | E100: 150 | F100: 1. DC fan motor 2. 7 fan speed control 3. 200mm thickness 4. Flexible installation 5.Four pipe fancoil; 5. Build-in drain pan for heat exchanger 6. Customized XYE and PQE port to connected to central controller and ModBus gateway | G100: 1008 | I100: 384
...

Sheet Modular chiller
I1: 0.38
A2: Series | B2: Type | C2: Midea model | D2: Code | E2: Description of Goods | F2: Capacity (kw) | G2: Прайс Лист (розница) | I2: Цена со скидкой 62%
A3: Air cooled modular chiller | B3: Scroll type - R410a T3 Condition | C3: MGBT-F180W/RN1 | E3: • WFS-1001-H • Remote controller KJRM-120D/BMK-E Modbus • XYE (Modbus protocol) • Shell&tube evaporator • EXV • PQE • Scroll type • Sequential phase relay • Default water temperature 7C/12C • Remote On/Off • Remote heating/cooling function | F3: 180 | G3: 65984 | I3: 25074
A4: Air cooled modular chiller | B4: Scroll type - R410a, LAK | C4: MGBL-F200W/RN1 | D4: 22027120000044 | E4: Scroll type; R410a, LAK • WFS-1001-H • Remote controller KJRM-120D/BMK-E Modbus • XYE (Modbus protocol) • Shell&tube evaporator • EXV • PQE • Scroll type • Sequential phase relay • Default water temperature 7C/12C • Remote On/Off • Remote heating/cooling function | F4: 185 | G4: 58916 | I4: 22389
C5: MC-SS35-RN1L-B | D5: 22027120000067 | F5: 35 | G5: 13794 | I5: 5242
C6: MC-SS65/RN1L | D6: 22027120000030 | F6: 65 | G6: 22154 | I6: 8419
C7: MC-SS80/RN1L | D7: 22027120000003 | F7: 80 | G7: 30036 | I7: 11414
A8: Chiller King Series | B8: Chiller King Series (НЕ ПРЕДЛАГАЕМ ЭТУ МОДЕЛЬ) | C8: MC-SS65/RN1 | D8: 21027120000258 | E8: 1. Shell-tube type T1 application 2. R410A 3. Remote controller KJRM-120D/BMK-E Modbus | F8: 65 | G8: 21049 | I8: 7999
C9: MC-SS130/RN1 | D9: 21027120000238 | F9: 130 | G9: 37945 | I9: 14420
A10: Chiller King Plus | B10: Chiller King Plus | C10: MC-SS130-RN1TL | D10: 22027120000458 | E10: Shell-tube type T3 application Remote controller KJRM-120D/BMK-E Modbus | F10: 130 | G10: 39732 | I10: 15099
C11: MC-SS260-RN1TL | D11: 22027120000478 | F11: 260 | G11: 78177 | I11: 29708
B12: Controller | C12: KJR-120A/MBTE | E12: New wired controller for modular chiller, with weekly timer function, compatible with air-cooled modular Lon-work/BACnet Gateway and upper computer software. | G12: 363 | I12: 138
B13: Controller | C13: KJRM-120D/BMK-E | E13: New touch-screen wired controller for modular chiller and Mini Chiller | G13: 501 | I13: 191
B14: Controller | C14: KJR-120H/BMWK03-E | D14: 17317100003115 | G14: 451 | I14: 172
B15: Controller | C15: KJR-120K/BMKO-E | D15: 17317100006835 | G15: 578 | I15: 220
B16: flow switch | C16: WFS-1001-H | E16: Paddle type water flow switch | F16: / | G16: 677 | I16: 258
A17: mini Chiller | B17: Controller | C17: KJR-120F1/BMK-E | D17: 17317100000066 | E17: New touch-screen wired controller for modular chiller and Mini Chiller | F17: / | G17: 501 | I17: 191
B18: mini chiller | C18: MGC-V5WD2N8-B2 | D18: 22025314000599 | E18: 1.220-240V-1N~50Hz 2.DC inverter compressors + DC fan motor 3.Built-in hydraulic module 4.Plate heat exchanger 5. KJRH-120K/BMKO-E as standard | F18: 5 | G18: 5632 | I18: 2141
C19: MGC-V7WD2N8-B2 | D19: 22025314000591 | F19: 7 | G19: 6243 | I19: 2373
C20: MGC-V9WD2N8-B2 | D20: 22025314000592 | F20: 9 | G20: 7926 | I20: 3012
C21: MGC-V12WD2N8-B2 | D21: 借用22025314000593 | F21: 12 | G21: 8778 | I21: 3336
C22: MGC-V14WD2N8-B2 | D22: 借用22025314000594 | F22: 14 | G22: 9312 | I22: 3539
C23: MGC-V16WD2N8-B2 | D23: 借用22025314000595 | F23: 16 | G23: 9818 | I23: 3731
C24: MGC-V18WD2N8-B2 | D24: 22025314000991 | F24: 18 | G24: 10192 | I24: 3873
C25: MGC-V12WD2RN8-B | D25: 22025314000596 | E25: 1.380-400V-3N~50Hz 2.DC inverter compressors + DC fan motor 3.Built-in hydraulic module 4.Plate heat exchanger 5. KJRH-120K/BMKO-E as standard | F25: 12 | G25: 10192 | I25: 3873
C26: MGC-V14WD2RN8-B | D26: 22025314000597 | F26: 14 | G26: 10269 | I26: 3903
C27: MGC-V16WD2RN8-B | D27: 22025314000598 | F27: 16 | G27: 11248 | I27: 4275
A28: Aqua thermal | C28: MC-SU75-RN8L-B | D28: 22027120000398 | E28: R32 R32 KJRM-120H2/BMWK Modbus | F28: 75 | G28: 21681 | I28: 8239
C29: MC-SU90-RN8L-B | D29: 22027120000378 | E29: Modbus RTU R32 KJRM-120H2/BMWK Modbus | F29: 90 | G29: 30938 | I29: 11757
B30: эта модель идет на замену стандартной MC-SS130/RN1 | C30: MC-SU140-RN8L-B | D30: 22027120000418 | E30: Without hydraulic module can be customized R32 KJRM-120H2/BMWK Modbus | F30: 140 | G30: 40926 | I30: 15552
C31: MC-SU180-RN8L-B | D31: 22027120000438 | E31: R32 KJRM-120H2/BMWK Modbus | F31: 180 | G31: 88022 | I31: 33449
A32: Aqua thermal（M) | C32: MC-SU75M-RN8L-B | D32: 22027120000398 | E32: R32With hydraulic module | F32: 75 | G32: 26560 | I32: 10093
C33: MC-SU90M-RN8L-B | D33: 22027120000378 | E33: Modbus RTU, With hydraulic module | F33: 90 | G33: 37719 | I33: 14334
C34: MC-SU140M-RN8L-B | D34: 22027120000418 | E34: With hydraulic module | F34: 140 | G34: 50424 | I34: 19162
C35: MC-SU180M-RN8L-B | D35: 22027120000438 | E35: With hydraulic module | F35: 180 | G35: 102498 | I35: 38950
C36: GW-BAC(MC) | D36: 17211200002201 | G36: 7832 | I36: 2977
A37: Aqua thermal Super /T1/LA DC Inverter Plate heat exchanger T1 application LA | B37: R32 | C37: MH-SU50-RN8L | D37: 借22025314000671 方案号L2023071466341 | E37: DC Inverter commercial type heat pump Plate heat exchanger | F37: 50 | G37: 31433 | I37: 11945
B38: R32 | C38: MH-SU65-RN8L | D38: 22025314000671 | F38: 65 | G38: 32709 | I38: 12430
B39: R32 | C39: MH-SU75-RN8L | D39: 借22025314000671 方案号L2022122744465 | F39: 75 | G39: 33908 | I39: 12886
B40: R32 | C40: MH-SU110-RN8L | D40: 22025314000691 | F40: 110 | G40: 53686 | I40: 20401
B41: R32 | C41: MH-SU140-RN8L | D41: 借22025314000691 方案号L2022122744465 | F41: 140 | G41: 55319 | I41: 21022
B42: R32 | C42: MH-SU50M-RN8L | D42: 借22025314000671 | F42: 50 | G42: 40722 | I42: 15475
B43: R32 | C43: MH-SU65M-RN8L | D43: 22025314000671 | F43: 65 | G43: 42240 | I43: 16052
B44: R32 | C44: MH-SU75M-RN8L | D44: 借22025314000671 | F44: 75 | G44: 44396 | I44: 16871
B45: R32 | C45: MH-SU110M-RN8L | D45: 22025314000691 | F45: 110 | G45: 63333 | I45: 24067
B46: R32 | C46: MH-SU140M-RN8L | D46: 借22025314000691 | F46: 140 | G46: 65830 | I46: 25016

Sheet Heat Pump
I1: 0.38
A2: Series | B2: Type | C2: Midea Model | D2: Factory Code | E2: Description of Goods | F2: Capacity (kw) | G2: Прайс Лист (розница) | I2: Цена со скидкой 62%
A3: M thermal Arctic | B3: Mono | C3: MHC-V4W/D2N8-B | D3: 22025314000658 | E3: R32 220-240V~50Hz | F3: 4 | G3: 7861 | I3: 2988
C4: MHC-V6W/D2N8-B | D4: 22025314000654 | F4: 6 | G4: 8094 | I4: 3076
C5: MHC-V8W/D2N8-B | D5: 22025314000657 | F5: 8 | G5: 8944 | I5: 3399
C6: MHC-V10W/D2N8-B | D6: 22025314000656 | F6: 10 | G6: 9058 | I6: 3443
C7: MHC-V12W/D2N8-B | D7: 22025314000651 | F7: 12 | G7: 11748 | I7: 4465
C8: MHC-V14W/D2N8-B | D8: 22025314000652 | F8: 14 | G8: 11902 | I8: 4523
C9: MHC-V16W/D2N8-B | D9: 22025314000653 | F9: 16 | G9: 12096 | I9: 4597
C10: MHC-V12W/D2RN8-B | D10: 22025314000659 | E10: R32 380-415V~3N-50Hz | F10: 12 | G10: 12193 | I10: 4634
C11: MHC-V14W/D2RN8-B | D11: 22025314000655 | F11: 14 | G11: 12466 | I11: 4738
C12: MHC-V16W/D2RN8-B | D12: 22025314000660 | F12: 16 | G12: 12854 | I12: 4885
C13: MHC-V18W/D2RN8 | D13: 22025314000491 | F13: 18 | G13: 16263 | I13: 6180
C14: MHC-V22W/D2RN8 | D14: 22025314000493 | F14: 22 | G14: 16701 | I14: 6347
C15: MHC-V26W/D2RN8 | D15: 22025314000471 | F15: 26 | G15: 16986 | I15: 6455
C16: MHC-V30W/D2RN8 | D16: 22025314000492 | F16: 30 | G16: 17271 | I16: 6563
B17: Split ODU | C17: MHA-V4W/D2N8-B | D17: 22025314000618 | E17: R32 220-240V~50Hz | F17: 4 | G17: 3723 | I17: 1415
C18: MHA-V6W/D2N8-B | D18: 22025314000613 | F18: 6 | G18: 3728 | I18: 1417
C19: MHA-V8W/D2N8-B | D19: 22025314000616 | F19: 8 | G19: 4247 | I19: 1614
C20: MHA-V10W/D2N8-B | D20: 22025314000614 | F20: 10 | G20: 4515 | I20: 1716
C21: MHA-V12W/D2N8-B | D21: 22025314000634 | F21: 12 | G21: 6584 | I21: 2502
C22: MHA-V14W/D2N8-B | D22: 22025314000615 | F22: 14 | G22: 6886 | I22: 2617
C23: MHA-V16W/D2N8-B | D23: 借22025314000615 | F23: 16 | G23: 7046 | I23: 2678
C24: MHA-V12W/D2RN8-B | D24: 22025314000611 | E24: R32 380-415V~3N-50Hz | F24: 12 | G24: 7314 | I24: 2780
C25: MHA-V14W/D2RN8-B | D25: 22025314000637 | F25: 14 | G25: 7433 | I25: 2825
C26: MHA-V16W/D2RN8-B | D26: 借22025314000637 | F26: 16 | G26: 7621 | I26: 2896
B27: Split hydraulic module | C27: HB-A60/CGN8-B | D27: 22025314000433 | E27: R32，380-415V~3N-50Hz additional electrical heater: 3kw: 88 USD, 9kw: 120 USD | F27: 6 | G27: 4486 | I27: 1705
C28: HB-A100/CGN8-B | D28: 22025314000432 | F28: 10 | G28: 4549 | I28: 1729
C29: HB-A160/CGN8-B | D29: 22025314000431 | F29: 14 | G29: 4680 | I29: 1779
B30: Split IDU with tank | C30: HBT-A100/190CD30GN8-B | D30: 22025331000061 | E30: R32 3kw heater: 220-240V~50Hz 9kw heater: 380-415V~3N-50Hz | F30: 190L | G30: 10181 | I30: 3869
C31: HBT-A160/240CD30GN8-B | D31: 22025331000062 | F31: 240L | G31: 11913 | I31: 4527
C32: HBT-A160/240CDS90GN8-B | D32: 22025331000062 | F32: 240L | G32: 12489 | I32: 4746
C33: HBT-A100/240CD30GN8-B | D33: 22025331000062 | F33: 240L | G33: 12107 | I33: 4601
C34: HBT-A100/240CDS90GN8-B | D34: 22025331000062 | F34: 240L | G34: 12683 | I34: 4820
A35: Commercial type Heat pump water heater | B35: Commercial type Heat pump water heater | C35: RSJ-120/ZN1-540V1 | D35: 22025310000369 | E35: 220-240V-1N~50Hz | F35: 12 | G35: 8237 | I35: 3131
C36: RSJ-200/SZN1-540V1 | D36: 22025313000087 | E36: 380-415V 3N~50Hz | F36: 20 | G36: 10175 | I36: 3867
C37: RSJ-420/SZN1-H | D37: 22025313000006 | F37: 42 | G37: 17574 | I37: 6679
C38: RSJ-800/SZN1-H | D38: 22025310000017 | F38: 80 | G38: 35808 | I38: 13608
A39: pool heat pump | C39: MSC-70D2N8-A | D39: 22025320000026 | E39: 220-240V~50Hz | F39: 7 | G39: 3631 | I39: 1380
C40: MSC-90D2N8-A | D40: 22025320000024 | E40: 220-240V~50Hz | F40: 9 | G40: 3882 | I40: 1476
C41: MSC-120D2N8-A | D41: 22025320000025 | E41: 220-240V~50Hz | F41: 12 | G41: 4036 | I41: 1534
C42: MSC-160D2N8-A | D42: 22025318000002 | E42: 220-240V~50Hz | F42: 16 | G42: 4908 | I42: 1866
C43: MSC-200D2N8-A | D43: 22025318000001 | E43: 220-240V~50Hz | F43: 20 | G43: 5068 | I43: 1926
A44: M thermal Fit Series | B44: Split | C44: ORS6A8HCD-F | D44: 借用22025314001016 | E44: 220-240V~50Hz | F44: 6 | G44: 2982 | I44: 1134
C45: ORS8A8HCD-F | D45: 借用22025314001017 | E45: 220-240V~50Hz | F45: 8 | G45: 3255 | I45: 1237
C46: ORS11A8HCD-F | D46: 借用22025314001011 | E46: 220-240V~50Hz | F46: 11 | G46: 4218 | I46: 1603
C47: ORS14A8HCD-F | D47: 借用22025314001021 | E47: 220-240V~50Hz | F47: 14 | G47: 5883 | I47: 2236
C48: ORS16A8HCD-F | D48: 借用22025314001020 | E48: 220-240V~50Hz | F48: 16 | G48: 6145 | I48: 2336
C49: ORS14TA8HCD-F | D49: 借用22025314001013 | E49: 380-415V~3N-50Hz | F49: 14 | G49: 6345 | I49: 2412
C50: ORS16TA8HCD-F | D50: 借用22025314001014 | E50: 380-415V~3N-50Hz | F50: 16 | G50: 6612 | I50: 2513
B51: Split Module | C51: OW8A8-F | D51: 借用22010600000251 | E51: 220-240V~50Hz | F51: 8 | G51: 3660 | I51: 1391
C52: OW11A8-F | D52: 借用22010600000252 | E52: 220-240V~50Hz | F52: 11 | G52: 3888 | I52: 1478
C53: OW16A8-F | D53: 借用22010600000252 | E53: 220-240V~50Hz | F53: 16 | G53: 4047 | I53: 1538
A54: M thermal Hygge Series | B54: Split | C54: ORS12A8HCD-H | D54: 22025314000932 | E54: 220-240V~50Hz | F54: 12 | G54: 6709 | I54: 2550
C55: ORS14A8HCD-H | D55: 22025314000934 | E55: 220-240V~50Hz | F55: 14 | G55: 6972 | I55: 2650
C56: ORS16A8HCD-H | D56: 22025314000935 | E56: 220-240V~50Hz | F56: 16 | G56: 7114 | I56: 2704
C57: ORS12TA8HCD-H | D57: 22025314000936 | E57: 380-415V~3N-50Hz | F57: 12 | G57: 7302 | I57: 2775
C58: ORS14TA8HCD-H | D58: 22025314000933 | E58: 380-415V~3N-50Hz | F58: 14 | G58: 7428 | I58: 2823
C59: ORS16TA8HCD-H | D59: 22025314000931 | E59: 380-415V~3N-50Hz | F59: 16 | G59: 7524 | I59: 2860
B60: Split Module | C60: OW16A8-H | D60: 借用22010600000232 | E60: 220-240V~50Hz | F60: 16 | G60: 4030 | I60: 1532
A61: M thermal Nature | B61: Mono | C61: MHC-V8WD2N7-B | D61: 22025314000859 | E61: 220～240V～ 50Hz | F61: 8 | G61: 11628 | I61: 4419
C62: MHC-V10WD2N7-B | D62: 22025314000851 | E62: 220～240V～ 50Hz | F62: 10 | G62: 12569 | I62: 4777
C63: MHC-V12WD2N7-B | D63: 22025314000853 | E63: 220～240V～ 50Hz | F63: 12 | G63: 14273 | I63: 5424
C64: MHC-V14WD2N7-B | D64: 22025314000852 | E64: 220～240V～ 50Hz | F64: 14 | G64: 14541 | I64: 5526
C65: MHC-V16WD2N7-B | D65: 22025314000854 | E65: 220～240V～ 50Hz | F65: 16 | G65: 14781 | I65: 5617
C66: MHC-V8WD2RN7-B | D66: 22025314000860 | E66: 380-415V~3N-50Hz | F66: 8 | G66: 12951 | I66: 4922
C67: MHC-V10WD2RN7-B | D67: 22025314000858 | E67: 380-415V~3N-50Hz | F67: 10 | G67: 13908 | I67: 5286
C68: MHC-V12WD2RN7-B | D68: 22025314000856 | E68: 380-415V~3N-50Hz | F68: 12 | G68: 14798 | I68: 5624
C69: MHC-V14WD2RN7-B | D69: 22025314000855 | E69: 380-415V~3N-50Hz | F69: 14 | G69: 15140 | I69: 5754
C70: MHC-V16WD2RN7-B | D70: 22025314000857 | E70: 380-415V~3N-50Hz | F70: 16 | G70: 15613 | I70: 5933
A71: Mars | B71: Mono | C71: MHC-V26WD2RN7 | D71: 22025314001031 | E71: 380-415V~3N-50Hz | F71: 26 | G71: 23142 | I71: 8794
C72: MHC-V30WD2RN7 | D72: 22025314000912 | E72: 380-415V~3N-50Hz | F72: 30 | G72: 24471 | I72: 9299
C73: MHC-V35WD2RN7 | D73: 22025314000911 | E73: 380-415V~3N-50Hz | F73: 35 | G73: 25639 | I73: 9743

Sheet Rooftop
I1: 0.38
A2: Series | B2: Type | C2: Midea model | D2: BOM CODE | E2: Description of Goods | F2: Capacity (kw) | G2: Прайс Лист (розница) | I2: Цена со скидкой 62%
A3: Clima Creator | B3: Heat pump | C3: MRC-075HWN1-R(C ) | D3: 22027710000302 | E3: 1. R410A 2. Cooling & heating 3. 380V/3ph/50hz; 4. side discharge | F3: 27 | G3: 10158 | I3: 3861
C4: MRC-100HWN1-R(C) | D4: 22027710000048 | F4: 35 | G4: 13527 | I4: 5141
C5: MRC-125HWN1-R(C) | D5: 22027710000164 | F5: 43 | G5: 18833 | I5: 7157
C6: MRC-150HWN1-R(C) | D6: 22027710000157 | F6: 53 | G6: 21364 | I6: 8119
C7: MRC-175HWN1-R(C) | D7: 22027710000111 | F7: 62 | G7: 25713 | I7: 9771
C8: MRC-200HWN1-R(C) | D8: 22027710000158 | F8: 70 | G8: 26802 | I8: 10185
C9: MRC-250HWN1-R(C) | D9: 22027710000289 | F9: 88 | G9: 32929 | I9: 12514
C10: MRC-300HWN1-R(C) | D10: 22027710000321 | F10: 105 | G10: 42927 | I10: 16313
B11: Cooling only | C11: MRCT-062CWN1-R(C) | D11: 22027710000020 | E11: 1. R410A 2. Cooling only type; 3. 380V/3ph/50hz; 4. Tropical type 5. side discharge(Up&down) | F11: 22 | G11: 9605 | I11: 3650
C12: MRCT-075CWN1-R(C) | D12: 22027710000021 | F12: 27 | G12: 10887 | I12: 4138
C13: MRCT-085CWN1-R(D) | D13: 22027710000351 | F13: 30 | G13: 12501 | I13: 4751
C14: MRCT-100CWN1-R(D) | D14: 22027710000350 | F14: 35 | G14: 12865 | I14: 4889
C15: MRCT-125CWN1-R(C) | D15: 22027710000029 | F15: 44 | G15: 17733 | I15: 6739
C16: MRCT-150CWN1-R(C) | D16: 22027710000222 | F16: 53 | G16: 22191 | I16: 8433
C17: MRCT-175CWN1-R(C) | D17: 22027710000094 | F17: 62 | G17: 24756 | I17: 9408
C18: MRCT-200CWN1-R(C) | D18: 22027710000224 | F18: 70 | G18: 27879 | I18: 10595
C19: MRCT-250CWN1-R(C) | D19: 22027710000364 | F19: 88 | G19: 32137 | I19: 12213
C20: MRCT-300CWN1-R(C) | D20: 22027710000363 | F20: 105 | G20: 42517 | I20: 16157

Sheet OLD V8
A1: Series | B1: Power Supply | C1: MDV model | D1: MDV model (JAC) | F1: Factory code | G1: Description | H1: Capacity Kw | I1: Unit price (CNY) | J1: Questions
A2: V8 Master | B2: 380-415V ~ 3N ~ 50/60Hz | C2: MDVO-V8252V2R1A(MA) | D2: MDV-V8252V2R1A(MA) | E2: MV8-252WV2GN1(MA) | F2: 22027020002389 | G2: 1.Chassis electrical heater 2.Automatic refrigerant charging 3.Bluetooth module (with black box) 4.single outdoor unit ratio 200% 5. V8 system can connect 30% indoor units 6. Auto dust-clean function 7. Humidity control (in IDU) | H2: 25.2 | I2: 20665
C3: MDVO-V8280V2R1A(MA) | D3: MDV-V8280V2R1A(MA) | E3: MV8-280WV2GN1(MA) | F3: 22027020002392 | H3: 28 | I3: 21296
C4: MDVO-V8335V2R1A(MA) | D4: MDV-V8335V2R1A(MA) | E4: MV8-335WV2GN1(MA) | F4: 22027020002305 | H4: 33.5 | I4: 23659
C5: MDVO-V8400V2R1A(MA) | D5: MDV-V8400V2R1A(MA) | E5: MV8-400WV2GN1(MA) | F5: 22027020002397 | H5: 40 | I5: 27665
C6: MDVO-V8450V2R1A(MA) | D6: MDV-V8450V2R1A(MA) | E6: MV8-450WV2GN1(MA) | F6: 22027020002391 | H6: 45 | I6: 28877
C7: MDVO-V8500V2R1A(MA) | D7: MDV-V8500V2R1A(MA) | E7: MV8-500WV2GN1(MA) | F7: 22027020002265 | H7: 50 | I7: 34597
C8: MDVO-V8560V2R1A(MA) | D8: MDV-V8560V2R1A(MA) | E8: MV8-560WV2GN1(MA) | F8: 22027020002347 | H8: 56 | I8: 35493
C9: MDVO-V8615V2R1A(MA) | D9: MDV-V8615V2R1A(MA) | E9: MV8-615WV2GN1(MA) | F9: 22027020002346 | H9: 61.5 | I9: 37889
C10: MDVO-V8670V2R1A(MA) | D10: MDV-V8670V2R1A(MA) | E10: MV8-670WV2GN1(MA) | F10: 22027020002345 | H10: 67 | I10: 42614
C11: MDVO-V8730V2R1A(MA) | D11: MDV-V8730V2R1A(MA) | E11: MV8-730WV2GN1(MA) | F11: 22027020002365 | H11: 73 | I11: 44593
C12: MDVO-V8785V2R1A(MA) | D12: MDV-V8785V2R1A(MA) | E12: MV8-785WV2GN1(MA) | F12: 22027020002286 | H12: 78.5 | I12: 46667
C13: MDVO-V8850V2R1A(MA) | D13: MDV-V8850V2R1A(MA) | E13: MV8-850WV2GN1(MA) | F13: 22027020002285 | H13: 85 | I13: 50334
C14: MDVO-V8900V2R1A(MA) | D14: MDV-V8900V2R1A(MA) | E14: MV8-900WV2GN1(MA) | F14: 22027020002393 | H14: 90 | I14: 50732
... C18: MDVO-V81120V2R1A(MA) | D18: MDV-V81120V2R1A(MA) | E18: MV8-1120WV2GN1(MA) | F18: 22027020002325 | H18: 112 | I18: 58653
A19: V8i Master | B19: 380-415V ~ 3N ~ 50/60Hz | C19: MDVO-V8i252V2R1A(MA) | D19: MDV-V8i252V2R1A(MA) | E19: MV8i-252WV2GN1(MA) | F19: 22027020002647 | G19: 1.Chassis electrical heater 2.Automatic refrigerant charging 3.Bluetooth module (with black box) 4.single outdoor unit ratio 200% 5. V8 system can connect 30% indoor units 6. Auto dust-clean function 7. Humidity control (in IDU) | H19: 25.2 | I19: 17009
C20: MDVO-V8i280V2R1A(MA) | D20: MDV-V8i280V2R1A(MA) | E20: MV8i-280WV2GN1(MA) | F20: 22027020002633 | H20: 28 | I20: 17326
C21: MDVO-V8i335V2R1A(MA) | D21: MDV-V8i335V2R1A(MA) | E21: MV8i-335WV2GN1(MA) | F21: 22027020002646 | H21: 33.5 | I21: 19897
C22: MDVO-V8i400V2R1A(MA) | D22: MDV-V8i400V2R1A(MA) | E22: MV8i-400WV2GN1(MA) | F22: 22027020002637 | H22: 40 | I22: 23269
C23: MDVO-V8i450V2R1A(MA) | D23: MDV-V8i450V2R1A(MA) | E23: MV8i-450WV2GN1(MA) | F23: 22027020002623 | H23: 45 | I23: 23639
C24: MDVO-V8i500V2R1A(MA) | D24: MDV-V8i500V2R1A(MA) | E24: MV8i-500WV2GN1(MA) | F24: 22027020002645 | H24: 50 | I24: 26331
C25: MDVO-V8i560V2R1A(MA) | D25: MDV-V8i560V2R1A(MA) | E25: MV8i-560WV2GN1(MA) | F25: 22027020002629 | H25: 56 | I25: 27900
C26: MDVO-V8i615V2R1A(MA) | D26: MDV-V8i615V2R1A(MA) | E26: MV8i-615WV2GN1(MA) | F26: 22027020002630 | H26: 61.5 | I26: 30410
C27: MDVO-V8i670V2R1A(MA) | D27: MDV-V8i670V2R1A(MA) | E27: MV8i-670WV2GN1(MA) | F27: 22027020002627 | H27: 67 | I27: 33305
C28: MDVO-V8i730V2R1A(MA) | D28: MDV-V8i730V2R1A(MA) | E28: MV8i-730WV2GN1(MA) | F28: 22027020002608 | H28: 73 | I28: 41820
C29: MDVO-V8i785V2R1A(MA) | D29: MDV-V8i785V2R1A(MA) | E29: MV8i-785WV2GN1(MA) | F29: 22027020002609 | H29: 78.5 | I29: 42156
C30: MDVO-V8i850V2R1A(MA) | D30: MDV-V8i850V2R1A(MA) | E30: MV8i-850WV2GN1(MA) | F30: 22027020002619 | H30: 85 | I30: 43529
C31: MDVO-V8i900V2R1A(MA) | D31: MDV-V8i900V2R1A(MA) | E31: MV8i-900WV2GN1(MA) | F31: 22027020002618 | H31: 90 | I31: 46303
... C35: MDVO-V8i1120V2R1A(MA) | D35: MDV-V8i1120V2R1A(MA) | E35: MV8i-1120WV2GN1(MA) | F35: 22027020002625 | H35: 112 | I35: 52765
C36: MDVO-V8i1170V2R1A(MA) | D36: MDV-V8i1170V2R1A(MA) | F36: 22027020002614 | H36: 117 | I36: 53421
A37: V8S (Projects, CIS sales only) | B37: 380-415V ~ 3N ~ 50/60Hz | C37: MDVO-V8S252V2R1A | D37: MDV-V8S252V2R1A | F37: 22027020002412 | G37: 1.Chassis electrical heater - не включено 2.Automatic refrigerant charging 3.Bluetooth module (with black box) 4.single outdoor unit ratio 200% 5. V8 system can connect 30% indoor units 6. Auto dust-clean function 7. Humidity control (in IDU) | H37: 25.2 | I37: 18888
C38: MDVO-V8S280V2R1A | D38: MDV-V8S280V2R1A | F38: 22027020002413 | H38: 28 | I38: 20092
C39: MDVO-V8S335V2R1A | D39: MDV-V8S335V2R1A | F39: 22027020002410 | H39: 33.5 | I39: 22239
C40: MDVO-V8S400V2R1A | D40: MDV-V8S400V2R1A | F40: 22027020002407 | H40: 40 | I40: 24313
C41: MDVO-V8S450V2R1A | D41: MDV-V8S450V2R1A | F41: 22027020002408 | H41: 45 | I41: 26280
C42: MDVO-V8S500V2R1A | D42: MDV-V8S500V2R1A | F42: 22027020002411 | H42: 50 | I42: 28567
C43: MDVO-V8S560V2R1A | D43: MDV-V8S560V2R1A | F43: 22027020002406 | H43: 56 | I43: 32075
C44: MDVO-V8S615V2R1A | D44: MDV-V8S615V2R1A | F44: 22027020002405 | H44: 61.5 | I44: 34079
C45: MDVO-V8S670V2R1A | D45: MDV-V8S670V2R1A | F45: 22027020002409 | H45: 67 | I45: 37220
A46: Easyfit | B46: 380-415V ~ 3N ~ 50/60Hz | C46: MDVO-Vi252V2R1A | D46: MDV-Vi252V2R1A | E46: MVi-252WV2GN1(B) | F46: 22027020002998 | G46: 1.Auto dust-clean function 2.Automatic refrigerant charging 3.Bluetooth module (with black box) 4.Wide combination ratio 30%-200% 5. Humidity control (in IDU) | H46: 25.2 | I46: 16046
C47: MDVO-Vi280V2R1A | D47: MDV-Vi280V2R1A | E47: MVi-280WV2GN1(B) | F47: 22027020003000 | H47: 28 | I47: 16432
C48: MDVO-Vi335V2R1A | D48: MDV-Vi335V2R1A | E48: MVi-335WV2GN1(B) | F48: 22027020002999 | H48: 33.5 | I48: 18771
C49: MDVO-Vi400V2R1A | D49: MDV-Vi400V2R1A | E49: MVi-400WV2GN1(A) | F49: 22027020002588 | H49: 40 | I49: 21764
C50: MDVO-Vi450V2R1A | D50: MDV-Vi450V2R1A | E50: MVi-450WV2GN1(A) | F50: 22027020002589 | H50: 45 | I50: 22853
C51: MDVO-Vi500V2R1A | D51: MDV-Vi500V2R1A | E51: MVi-500WV2GN1(A) | F51: 22027020002587 | H51: 50 | I51: 24841
C52: MDVO-Vi560V2R1A | D52: MDV-Vi560V2R1A | E52: MVi-560WV2GN1(A) | F52: 22027020002585 | H52: 56 | I52: 26721
C53: MDVO-Vi615V2R1A | D53: MDV-Vi615V2R1A | E53: MVi-615WV2GN1(A) | F53: 22027020002586 | H53: 61.5 | I53: 28689
C54: MDVO-Vi670V2R1A | D54: MDV-Vi670V2R1A | E54: MVi-670WV2GN1(A) | F54: 22027020002590 | H54: 67 | I54: 31420
A55: R410a V8 Mini | B55: 380-415V 3N~ 50Hz | C55: MDVO-V8M120V2R1B | D55: MDV-V8M120V2R1B | E55: MV8M-120WV2GN1 | F55: 22027020002868 | G55: 1.Chassis electrical heater 2.Bluetooth module (with black box) 3.combination ratio 50%-130% (with V6 IDU) 4. combination ratio 50%-160% (with V8 IDU) | H55: 12 | I55: 8208 | J55: Model names are different from the first variant? (last letter was changed?)
C56: MDVO-V8M140V2R1B | D56: MDV-V8M140V2R1B | E56: MV8M-140WV2GN1 | F56: 22027020002866 | H56: 14 | I56: 8954
C57: MDVO-V8M160V2R1B | D57: MDV-V8M160V2R1B | E57: MV8M-160WV2GN1 | F57: 22027020002667 | H57: 16 | I57: 10075
B58: 220-240V ~ 50Hz | C58: MDVO-V8M80V2R1E | D58: MDV-V8M80V2R1E | E58: MV8M-80WV2HN1 | F58: 22027020002867 | H58: 8 | I58: 4921
C59: MDVO-V8M100V2R1E | D59: MDV-V8M100V2R1E | E59: MV8M-100WV2HN1 | F59: 22027020002666 | H59: 10 | I59: 5728
C60: MDVO-V8M120V2R1E | D60: MDV-V8M120V2R1E | E60: MV8M-120WV2HN1 | F60: 22027020002869 | H60: 12 | I60: 6881
C61: MDVO-V8M140V2R1E | D61: MDV-V8M140V2R1E | E61: MV8M-140WV2HN1 | F61: 22027020002865 | H61: 14 | I61: 7509
C62: MDVO-V8M160V2R1E | D62: MDV-V8M160V2R1E | E62: MV8M-160WV2HN1 | F62: 22027020002665 | H62: 16 | I62: 8452
C63: MDVO-V8M180V2R1E | D63: MDV-V8M180V2R1E | E63: MV8M-180WV2HN1 | F63: 22027020002665 | I63: 9513 | J63: REPLY: Please find the correct model names highlight in yellow. Please chekc if need to change the MDV model name.
A64: R32 V8 Mini | B64: 380-415V 3N~ 50Hz | C64: MDVO-V8M120V2R8B | D64: MDV-V8M120V2R8B | F64: 22027020002530 | G64: 1.Chassis electrical heater 2.Bluetooth module (with black box) 3. combination ratio 50%-160% (with V8 IDU) | H64: 12 | I64: 8130
C65: MDVO-V8M140V2R8B | D65: MDV-V8M140V2R8B | F65: 22027020002529 | H65: 14 | I65: 8869
C66: MDVO-V8M160V2R8B | D66: MDV-V8M160V2R8B | F66: 22027020002526 | H66: 16 | I66: 9979
C67: MDVO-V8M180V2R8B | D67: MDV-V8M180V2R8B | F67: 22027020002245 | H67: 18 | I67: 10612
B68: 220-240V ~ 50Hz | C68: MDVO-V8M80V2R8E | D68: MDV-V8M80V2R8E | F68: 22027020002527 | H68: 8 | I68: 5281
C69: MDVO-V8M100V2R8E | D69: MDV-V8M100V2R8E | F69: 22027020002246 | H69: 10 | I69: 5415
C70: MDVO-V8M120V2R8E | D70: MDV-V8M120V2R8E | F70: 22027020002528 | H70: 12 | I70: 6705
C71: MDVO-V8M140V2R8E | D71: MDV-V8M140V2R8E | F71: 22027020002531 | H71: 14 | I71: 7254
C72: MDVO-V8M160V2R8E | D72: MDV-V8M160V2R8E | F72: 22027020002525 | H72: 16 | I72: 7791
C73: MDVO-V8M180V2R8E | D73: MDV-V8M180V2R8E | F73: 22027020002225 | H73: 18 | I73: 8147
A74: Compact Four-way cassette | B74: 220-240V ~ 50/60Hz | C74: MDVI3-15C4CVD | D74: MDVI3-15C4CVD | E74: MIH15Q4CHN18 | F74: 22026012000977 | G74: 1.Indoor temperature detection control 2.Humidity control 3. Independent power supply 4. Long-distance on/off function 5. Long-distance alarm function 6. X1X2, PQE, D1D2, M1M2 7. Build-in drain pump 8. Water level switch | H74: 1.5 | I74: 1289
C75: MDVI3-22C4CVD | D75: MDVI3-22C4CVD | E75: MIH22Q4CHN18 | F75: 22026012000995 | H75: 2.2 | I75: 1391
C76: MDVI3-28C4CVD | D76: MDVI3-28C4CVD | E76: MIH28Q4CHN18 | F76: 22026012000994 | H76: 2, 8 | I76: 1452
C77: MDVI3-36C4CVD | D77: MDVI3-36C4CVD | E77: MIH36Q4CHN18 | F77: 22026012000996 | H77: 3.6 | I77: 1541
C78: MDVI3-45C4CVD | D78: MDVI3-45C4CVD | E78: MIH45Q4CHN18 | F78: 22026012000980 | H78: 4.5 | I78: 1607
C79: MDVI3-56C4CVD | D79: MDVI3-56C4CVD | E79: MIH56Q4CHN18 | F79: 22026012000998 | H79: 5.6 | I79: 1711
C80: MDVI3-63C4CVD | D80: MDVI3-63C4CVD | E80: MIH63Q4CHN18 | F80: 22026012000979 | H80: 6.3 | I80: 1776
D81: MDV-MBQ4C-8PC | E81: T-MBQ4C-8PC | F81: 22012900003270 | G81: panel for 1.5kw-6.3kw (compact cassette) | I81: 320 | J81: MDV design panel?
D82: MDV-MBQ4C-8PC(HS) | E82: T-MBQ4C-8PC(HS) | F82: 22012900003270 | G82: panel for 1.5kw-6.3kw，include human sensor (compact cassette) | I82: 387 | J82: REPLY: please find the picture.Plesae noted that the factory code is different from what Chester sent.
A83: Four-way cassette | B83: 220-240V ~ 50/60Hz | C83: MDVI3-28C4VD | D83: MDVI3-28C4VD | E83: MIH28Q4HN18 | F83: 22026012001122 | G83: 1.Indoor temperature detection control 2.Humidity control 3. Independent power supply 4. Long-distance on/off function 5. Long-distance alarm function 6. X1X2, PQE, D1D2, M1M2 7.Build-in drain pump 8. Water level switch | H83: 2.8 | I83: 1466
C84: MDVI3-36C4VD | D84: MDVI3-36C4VD | E84: MIH36Q4HN18 | F84: 22026012001130 | H84: 3.6 | I84: 1545
C85: MDVI3-45C4VD | D85: MDVI3-45C4VD | E85: MIH45Q4HN18 | F85: 22026012001124 | H85: 4.5 | I85: 1759
C86: MDVI3-56C4VD | D86: MDVI3-56C4VD | E86: MIH56Q4HN18 | F86: 22026012001115 | H86: 5.6 | I86: 1842
C87: MDVI3-71C4VD | D87: MDVI3-71C4VD | E87: MIH71Q4HN18 | F87: 22026012001132 | H87: 7.1 | I87: 2312
C88: MDVI3-80C4VD | D88: MDVI3-80C4VD | E88: MIH80Q4HN18 | F88: 22026012001129 | H88: 8 | I88: 2411
C89: MDVI3-90C4VD | D89: MDVI3-90C4VD | E89: MIH90Q4HN18 | F89: 22026012001123 | H89: 9 | I89: 2470
C90: MDVI3-100C4VD | D90: MDVI3-100C4VD | E90: MIH100Q4HN18 | F90: 22026012001128 | H90: 10 | I90: 2622
C91: MDVI3-112C4VD | D91: MDVI3-112C4VD | E91: MIH112Q4HN18 | F91: 22026012001133 | H91: 11.2 | I91: 3091
C92: MDVI3-140C4VD | D92: MDVI3-140C4VD | E92: MIH140Q4HN18 | F92: 22026012001121 | H92: 14 | I92: 3282
D93: MDV-MBQ4-8PC | E93: T-MBQ4-8PC | F93: 22012900003290 | G93: panel for 2.8kw-14kw (four-way cassette) | I93: 432 | J93: MDV design panel?
D94: MDV-MBQ4-8PC(HS) | E94: T-MBQ4-8PC(HS) | F94: 22012900003290 | G94: panel for 2.8kw-14kw,include human sensor (four-way cassette) | I94: 499 | J94: REPLY: please find the picture.Plesae noted that the factory code is different from what Chester sent.
A95: ARC Duct | B95: 220-240V ~ 50/60Hz | C95: MDVI3-15D1VD | D95: MDVI3-15D1VD | E95: MIH15T3HN18 | F95: 22026011001494 | G95: 1.Indoor temperature detection control 2.Humidity control 3.Independent power supply 4. Long-distance on/off function 5. Long-distance alarm function 6. X1X2, PQE, D1D2, M1M2 7. High-lift drain pump 8. Water level switch | H95: 1.5 | I95: 1296
C96: MDVI3-22D1VD | D96: MDVI3-22D1VD | E96: MIH22T3HN18 | F96: 22026011001492 | H96: 2.2 | I96: 1342
C97: MDVI3-28D1VD | D97: MDVI3-28D1VD | E97: MIH28T3HN18 | F97: 22026011001491 | H97: 2.8 | I97: 1397
C98: MDVI3-36D1VD | D98: MDVI3-36D1VD | E98: MIH36T3HN18 | F98: 22026011001495 | H98: 3.6 | I98: 1445
C99: MDVI3-45D1VD | D99: MDVI3-45D1VD | E99: MIH45T3HN18 | F99: 22026011001496 | H99: 4.5 | I99: 1588
C100: MDVI3-56D1VD | D100: MDVI3-56D1VD | E100: MIH56T3HN18 | F100: 22026011001478 | H100: 5.6 | I100: 1623
C101: MDVI3-71D1VD | D101: MDVI3-71D1VD | E101: MIH71T3HN18 | F101: 22026011001490 | H101: 7.1 | I101: 1836
C102: MDVI3-80D1VD | D102: MDVI3-80D1VD | E102: MIH80T3HN18 | F102: 22026011001497 | H102: 8 | I102: 2165
C103: MDVI3-90D1VD | D103: MDVI3-90D1VD | E103: MIH90T3HN18 | F103: 22026011001485 | H103: 9 | I103: 2270
C104: MDVI3-112D1VD | D104: MDVI3-112D1VD | E104: MIH112T3HN18 | F104: 22026011001493 | H104: 11.2 | I104: 2341
A105: Medium Static Pressure Duct | B105: 220-240V ~ 50/60Hz | C105: MDVI3-15D2VD | D105: MDVI3-15D2VD | E105: MIH15T2HN18 | F105: 22026011001510 | G105: 1.Indoor temperature detection control 2.Humidity control 3. Independent power supply 4. Long-distance on/off function 5. Long-distance alarm function 6. X1X2, PQE, D1D2, M1M2 7. High-lift drain pump 8. Water level switch | H105: 1.5 | I105: 1344
C106: MDVI3-22D2VD | D106: MDVI3-22D2VD | E106: MIH22T2HN18 | F106: 22026011001505 | H106: 2.2 | I106: 1395
...
